Date / Time,City,State,Shape,Duration,Summary,Posted
5/12/2017 14:30:00,"Washington, DC",DC,Circle,1 hour +,"Directly SE of DC, driving S on 395 I saw a BRIGHT yellow light ~3000' in the sky COMPLETELY still. ((anonymous report))",5/15/2017
10/2/2016 11:00:00,"Washington, D.C.",DC,Other,4 minutes,I have never reported a sighting before so please forgive missing details. I was walking home Sunday morning around 1100hrs in northwes,10/11/2016
8/8/2016 22:00:00,Washington,DC,Triangle,ongoing,There are 3 lights in the DC sky that are stationary and forming a triangle.,8/16/2016
4/12/2016 1:30:00,"Washington, D.C.",DC,Circle,Few seconds,"Watching tv, I see a round object with a bright light coming from it. The object flew across the sky at about",4/15/2016
3/15/2016 23:15:00,"Washington, D.C.",DC,Chevron,2 minutes,large boomerang floating across sky in wash.d.c.-observed with night vision goggles.,3/18/2016
3/13/2016 5:40:00,"Washington, D.C. (above I-295 bridge)",DC,Flash,2 seconds,"I want to be clear on this event, I was on my way to N.H from Doswell Virginia, after staying the night in Kings dominion Best western.",3/18/2016
10/17/2015 13:00:00,"Washington, D.C.",DC,Unknown,10 seconds,"Unidentified Ground Object' Spotted in Northwest, Washington, DC",3/17/2017
2/9/2015 20:20:00,"Washington, DC",DC,Changing,40 minutes,"A colorful object was seen from a far distance. It gave off red, then orange. then yellowish white light. have pictures.",2/12/2015
1/1/2015 21:25:00,"Washington, D.C.",DC,Other,2 minutes,"2 glowing orange crafts, in the shape of hang-gliders, passed across the sky.",1/7/2015
12/23/2014 2:20:00,Wilmington,DC,Circle,20 minutes +,"Sighting of a look alike 6 bright star like in circle with 1 bright starlike in middle in Wilmington, De 12/22/2014.",1/7/2015
12/8/2014 1:00:00,"Washington, D.C.",DC,Flash,2 seconds,Saw a green orb shoot straight down. Too low for a shooting star. Brilliant emerald color.,10/16/2015
10/26/2014 10:10:00,Rehoboth Beach,DC,Light,30 seconds,"4 orange lights flying east to west. ((NUFORC Note: Possible advertising lights, in a rotating display? PD))",11/6/2014
8/27/2014 19:40:00,"Washington, DC",DC,Light,4 minutes,A light as if a star was observed around 7:30 PA while it was still bright and no other stars were visible. Initially I thought that th,8/29/2014
7/31/2014 18:30:00,"Washington, D.C.",DC,Light,5 minutes,"Green, red light that hovered, moved, hovered and disappeared.",8/1/2014
6/20/2014 21:00:00,"Washington, D.C.",DC,Formation,30 minutes,"Multiple light formation seen at 9pm Friday, June 20th, over the Potomac river in VA, from tallest hill in Washington, DC.",6/24/2014
2/22/2014 10:30:00,"Washington, D.C.",DC,Formation,20 seconds,8 orbs of light flew directly over head in a formation before a synchronized deformation and dissapearance. Lone orb 5 min later.,2/27/2014
7/4/2013 23:30:00,"Washington, D.C.",DC,Triangle,5 seconds,"Triangular shaped object flew across sky during Wash, DC 7/4/13 fireworks display.",9/30/2013
3/16/2013 13:00:00,"Washington, D.C.",DC,Circle,seconds,Taking a picture and two objects moved quickly past in both pictures. It was so quick no one saw them but they are in the two pictures,5/15/2013
12/31/2012 1:20:00,"Washington, D.C.",DC,Triangle,10-15 minutes,"Saw a triangular craft flying north to south, few minutes saw a chemtrail moving east to west.",2/4/2013
12/4/2012 14:00:00,"Washington, D.C.",DC,Sphere,0.625,"MUFON CONFIRMS ORB UFOS OVER WASHINGTON DC, DEC. 2012.",12/20/2012
8/9/2012 3:00:00,Washington,DC,Light,10 minutes,6 glowing objects fly near roof. (reoccuring),8/19/2012
7/26/2012 22:30:00,"Washington, D.C.",DC,Light,30 minutes,Ball of light brighly flashing green and orange.,8/5/2012
7/25/2012 21:30:00,Washington,DC,Changing,10-15 minutes,"3 objects in 15 minutes, 2 balls of light moving north to south and 1 shape changing white &quot;ball&quot; moving in same direction",8/19/2012
7/4/2012 23:40:00,"Washington, D.C.",DC,Light,15 minutes,"Two lights/objects over DC with quick, erratic movements",8/5/2012
7/4/2012 21:06:00,Washington,DC,Sphere,5.5 seconds,"Luminous spheres in flight, then suddenly vanishing into nothingness",8/5/2012
6/22/2012 20:02:00,"Washington, D.C.",DC,Other,1 ML sec,Perfectly vertical streak of light,7/4/2012
5/6/2012 22:52:00,"Washington, D.C.",DC,Sphere,3 seconds,"2 luminous spheres converged into the image frame from 2 different directions, and flew by",5/29/2012
4/9/2012 3:00:00,"Washington, D.C.",DC,Light,3 minutes,"At about 3:00 am I was watching out my window, which faced East. I noticed a very bright ball of light passing from North to South. It",5/13/2012
1/29/2012 19:20:00,Washington,DC,Other,8 to 10 seconds,A group of darting/revolving round white lights moving together at a very high speed across the sky.,2/3/2012
12/11/2011 20:08:00,Washington,DC,Cylinder,4 seconds,Luminous object thought to be a star?,1/12/2012
12/5/2011 23:00:00,"Washington, D.C.",DC,,1 minute,"22:55 U.S. eastern From a third floor balcony facing Northwest, observed a bright red-orange light that I thought at first was a Chine",12/12/2011
7/31/2011 19:30:00,"Washington, D.C.",DC,Sphere,10 seconds,while watching the debt debate on cnn news channel we witnessed an ornage sphere flying over the capital during an commercial break on,8/7/2011
7/4/2011 0:00:00,"Washington, D.C.",DC,Cylinder,1.5 seconds,Black cylinder zips through Fireworks.at the Washington Monument,7/17/2011
7/4/2011 21:15:00,"Washington, D.C.",DC,Cylinder,2 seconds,My family and I saw something fly over head silently and without lights.,7/17/2011
6/15/2011 20:19:00,Georgetown,DC,Disk,6 seconds,metallic disk hovering silent in crowded airspace shoots up out of site leaves smoke cloud,6/20/2011
5/21/2011 20:00:00,"Washington, D.C.",DC,Triangle,on going,((HOAX??)) Saw hover triangle with eight lights in D.C.,7/17/2011
2/12/2011 22:24:00,"Washington, D.C.",DC,Light,50 minutes,I was watching web-cams in Washington DC as The Agency had notified forums members on the 10th of Feb that they would fly their craft o,2/18/2011
12/25/2010 0:00:00,Maroochydore (Queensland) (Australia),DC,Diamond,5 mins,At first I saw these two bright lights come up over the horizon from behind my house roof. I shouted out to my partner to come check it,1/5/2011
8/28/2010 22:06:00,Washington,DC,Fireball,2 minutes,Red flaming object flying low over Washington DC with no sound,8/30/2010
7/25/2010 10:00:00,"Washington, D.C.",DC,,30 seconds,"I saw a silver metallic ball fly over my house in Wash., D.C. in broad daylight!",8/24/2010
7/20/2010 3:18:00,"Washington, D.C.",DC,Sphere,3 seconds,"At 03:18 AM I was called to take a look at a bright object, by a friend. I went outside with my camera and camera platform (tripod) and",7/28/2010
7/20/2010 3:10:00,"Washington, D.C.",DC,Sphere,5 minutes,Moving star with beam of light,8/24/2010
7/20/2010 3:00:00,"Washington, D.C.",DC,Light,nightly,"I live in Wash., D.C. For weeks I had observed a bright luminous celestial body in the sky I couldn’t identify. The object would rise",8/24/2010
7/4/2010 21:11:00,"Washington, D.C.",DC,Sphere,1 second,"2 luminous objects over Washington Monument July 4, 2010",7/6/2010
7/4/2010 0:00:00,"Washington, D.C.",DC,Circle,2mn.,I saw Two ufo object's over the Washington Monument during the 4th. of July events.,8/24/2010
6/19/2010 14:00:00,"Washington, D.C.",DC,Disk,unknown,In June 19 while on vacation in Washington CD with my wife I took a photo of this sighting by chance. We didn't know of the UFOs until,7/29/2010
5/8/2010 23:00:00,"Washington, D.C.",DC,Light,5 min,two star light object seen minutes apart moving slowly across the sky originating and ending at the same locaiton,5/12/2010
4/30/2010 20:45:00,"Washington, D.C.",DC,Sphere,1 minute,luminous craft with halo's in slow flight over the rooftops of the buildings,5/12/2010
2/14/2010 12:00:00,"Washington, D.C.",DC,Oval,Unknown,Object spotted in photos of D.C.,4/13/2010
12/9/2009 23:00:00,"Washington, D.C.",DC,Sphere,one minute,Sighting of a large flying sphere near our nation's capital.,12/12/2009
8/19/2009 20:57:00,"Washington, D.C.",DC,Fireball,2 seconds,"a vectoring orange streak, which at the end of forwards vectoring, makes a sudden 90 degree turn?",12/12/2009
8/10/2009 23:12:00,"Washington, D.C.",DC,Other,5 minutes,I captured a red sphere like anomaly in 15 frames of 1080 i HD imagery? 5 minutes later and 100 yards from POV we stopped the car and I,4/13/2010
5/27/2009 23:00:00,"Washington, D.C.",DC,Fireball,4 minutes,"Glowing orb with sharp turns in Washington ,DC",6/9/2009
3/20/2009 20:40:00,"Washington, D.C.",DC,Other,5 minutes,The object looked like top of a heart shape and was very large and appeared to make no noise and also had no patter,4/14/2009
1/20/2009 17:00:00,"Washington, D.C.",DC,Cigar,1 sec,I was watching this video on cnn.com look in the far right and watch object fly past sky infront of statue,3/19/2009
1/20/2009 0:00:00,"Washington, D.C.",DC,,,"Hello, im a 17 year old girl and Im from New York. I was watching a video, before Barack Obama inaguration, these news people were spe",3/19/2009
1/2/2009 20:00:00,"Washington, D.C.",DC,Sphere,split second,A green colored sphere appeared out of nowhere and fell straight to the ground,1/10/2009
11/18/2008 19:06:00,"Washington, D.C.",DC,Other,0.7964583333,UFO flies into frames taken @ US Capitol Building @ 17:06 PM 1080 HD,1/10/2009
9/23/2008 21:00:00,"Washington, D.C.",DC,Light,56 minutes,3 lights moving very smoothley at the capital,10/31/2008
8/17/2008 22:06:00,"Washington, D.C.",DC,Egg,1 minute,(egg shaped) anomaly shooting a beam of light towards the ground?,10/31/2008
8/13/2008 20:00:00,"Washington, D.C.",DC,Cylinder,3 to 5 min,Cylindrical object over Washington D.C. viewd from near Smithsonian Metro Station,10/31/2008
6/11/2008 16:45:00,"Washington, D.C.",DC,Disk,1.5 -3 min,Daytime sighting of bright light changing to stationary white/blue gray annulus and then moved very fast.,7/5/2008
5/29/2008 6:47:00,"Washington, D.C.",DC,Other,30 min,"It was a round white light with tentacles sticking out blue and white, look like a spider.",6/12/2008
1/3/2008 0:00:00,"Washington, D.C.",DC,Disk,1 min,"The news caster seen it also, then shut up. I saw it plain as day. 500 Lights On Object0: Yes",3/10/2011
10/31/2007 21:45:00,"Washington, D.C.",DC,Sphere,about 1 hour,"Two UFO's Lingering In The Sky On October 31, Followed By Lights And Surrounded By Green Fog. ((NUFORC Note: Satellites?? PD))",11/28/2007
3/5/2007 19:00:00,"Washington, D.C.",DC,Other,10 min,"Hovering saucer-shaped object, yellow lights, approached by bronze-colored object, triangular or flying wing shape, which hovered near.",3/8/2007
1/27/2007 12:30:00,"Washington, D.C.",DC,Fireball,4 seconds,Fireball Over Capitol Hill- Very Long Deep Blue Tail- During Anti- War Rally,2/24/2007
12/30/2006 20:00:00,"Washington, D.C.",DC,Light,NA,cell phone picture of Capitol - apparent objects,2/24/2007
11/10/2006 8:20:00,"Washington, D.C. (area)",DC,Cylinder,30 Seconds,"Sighting recorded Friday November 10th, 8:20AM. I witnessed an object off the lower left side of the plane (South/West). It would be be",12/7/2006
9/11/2006 1:00:00,"Washington, D.C.",DC,Diamond,12 minutes,"((HOAX??)) It was a very shiny diamond-shaped crystal UFO craft, and it sounded like a high pitched whistle.",12/14/2006
5/17/2006 0:30:00,"Washington, D.C.",DC,Triangle,10 seconds,black triangular object with three red lights underneath it flying over DC,7/16/2006
4/16/2006 23:00:00,"Washington, D.C.",DC,Triangle,20 minutes,This is my second report of these Triangular shapped flying objects with red flashing lights. This second sighting compelled me to rep,7/16/2006
4/5/2006 0:45:00,"Washington, D.C.",DC,Oval,1.5 min,Large object covers the moon,5/15/2006
3/17/2006 9:00:00,Caracas (Venezuela),DC,Disk,35 sec,"El objeto despego a alta velocidad dejando una estela, era de mañana en un dia muy claro, aproximadamente a unos 10 km de distancia del",5/15/2006
2/15/2006 4:15:00,"Washington, D.C.",DC,Formation,30 seconds,a formation of dimly glowing objects...maybe birds? Very odd.,3/11/2006
12/6/2005 20:40:00,"Washington, D.C.",DC,Formation,2 minutes,I witnessed a series of lights traveling from the north (heading south) over the nation's capital from my apartment balcony. At first I,12/16/2005
8/14/2005 14:02:00,México,DC,Cone,10 minutes,"This sigthtin occurs a day after a sismologic event in mexico city, the ufo was seen in an area called mexican volcanos, a common area",9/15/2005
7/27/2005 6:30:00,"Washington, D.C.",DC,Disk,25 Minutes,U.F.O. Reported in Washington D.C.,9/2/2005
5/22/2005 22:00:00,"Washington, D.C.",DC,Light,still going on. its now 1,Unidentified Light circling houses,5/24/2005
12/11/2004 19:00:00,"Washington, D.C.",DC,Unknown,unknown,Possible UFO seen in skies over nation's capital,12/14/2004
12/9/2004 3:00:00,"Washington, D.C.",DC,,,"this being was observed in the city. ((NUFORC Note: Bizarre creature apparently witnessed by sec. guard in Washington, D.C.. PD))",1/11/2005
12/8/2004 23:00:00,"Washington, D.C.",DC,Other,,In the air flying very low 20 feet above tree line. No sound at all. Moving from north to south. looked like a flat dark hangglyder typ,12/14/2004
10/31/2004 20:00:00,"Washington, D.C.",DC,Light,10-15 seconds,3-4 crazy star-like objects moving at very high speeds and direction change. defies convention. I saw over D.C!,1/19/2005
9/29/2004 2:30:00,"Washington, D.C.",DC,Circle,10 minutes,"circular disc coming to a slight point-like the bottom of a top, only flatter-lights pointing at Andrews Air Force Base or Reagan Nat'l",7/13/2005
8/31/2004 15:39:00,"Washington, D.C.",DC,Cigar,Five seconds,"Cigar-shaped craft over Washington, D.C.",9/1/2004
7/17/2004 18:10:00,"Washington, D.C.",DC,Flash,Split second,"Bright flash of light exploding off the horizon into space - Washington, DC",7/25/2004
5/25/2004 8:10:00,"Washington, D.C.",DC,Other,10 seconds,Craft with bright white lights motionless over Southwest Washington D.C.,6/4/2004
5/21/2004 22:42:00,"Washington, D.C.",DC,Light,five minutes,Lights moving in a counterclockwise oval pattern,6/4/2004
3/13/2004 18:30:00,"Washington, D.C.",DC,Disk,less than one minute?,I am not the witness to this sighting. My sister mentioned that a lady in her office saw the UFO along with her husband while in their,4/27/2004
3/2/2004 20:30:00,"Washington, D.C.",DC,Light,1 minute,"A ""formation"" of about 20 pale lights moved slowly across the Washington, D.C. evening sky.",3/23/2004
11/30/2003 16:00:00,"Washington, D.C.",DC,Light,10 seconds,Bright light that was stationary and moved and light became smaller over a 10 sec period untill it vanashed,12/9/2003
11/21/2003 16:00:00,na,DC,,15 minutes,USO seen my military coming up out of the water.,3/4/2008
7/22/2003 21:15:00,"Washington, D.C.",DC,Chevron,2 minutes,"Chevron-shaped craft gliding over Washington, D.C.",7/23/2003
6/10/2003 0:00:00,Caracas (Venezuela),DC,Oval,20 mn,"huge black oval shaped flying object , hollow in its center",10/20/2005
1/27/2003 2:30:00,"Washington, D.C.",DC,Light,1 hour,"Light hovering in sky that jerked and wobbled about, surrounded by brief flashes of light",2/5/2003
12/8/2002 16:55:00,"Washington, D.C.",DC,Disk,,Disk,12/23/2002
11/19/2002 5:25:00,"Washington, D.C.",DC,Triangle,30 seconds,"Three orange triangular lights in the Washington, DC sky during the Leonids.",12/23/2002
9/8/2002 20:00:00,"Washington, D.C. (Georgetown)",DC,Rectangle,30 min,Red white and green rectangular object tilted rhythmically while moving horizontally above the Potomic River.,9/13/2002
8/1/2002 14:30:00,"Washington, D.C. to Kansas City",DC,Cylinder,20 minutes,Metallic cylinder shape hovering at 45 degree angle outside airplane window,4/27/2007
7/31/2002 16:45:00,"Washington, D.C. (Roosevelt Island Area)",DC,Changing,5 -6 seconds,"Red Object Hovering in Sky Over Washington, DC on July 31, 2002",9/6/2002
7/26/2002 1:00:00,"Washington, D.C.",DC,Circle,UNKNOWN,Military Jets scrambled and chased unknown flying object,9/6/2002
7/26/2002 1:00:00,"Washington, D.C.",DC,,,while listening to pbs on sat early am news I heard this report: of 2 fighter jets scrambled over dc due to an unidentified aircraft sh,9/6/2002
7/25/2002 0:30:00,"Washington, D.C.",DC,Light,5 minutes,coloured moving lights over washington,5/15/2006
7/20/2002 19:15:00,"Washington, D.C.",DC,Fireball,2 minutes,Green Object in the Night sky over the nations capital,9/6/2002
7/16/2002 1:30:00,"Washington, D.C.",DC,Sphere,45 seconds,"On July 16, 2002 at 1:30 am, I went to photograph a building called the Carpenters Building. It had started to rain, and I didn't want",9/6/2002
6/6/2002 19:00:00,"Washington, D.C.",DC,Changing,20 minutes,"Strange, yellowish light spinning behind President Bush's head during 6/6/02 speech",9/6/2002
6/6/2002 18:08:00,"Washington, D.C.",DC,Light,35 approx.,UFO sighting during President speech,6/12/2002
12/14/2001 23:30:00,"Washington, D.C.",DC,Triangle,1-2 minutes,Three lights in a triangular formation being followed by a smaller light.,9/6/2002
9/11/2001 9:00:00,"Washington, D.C.",DC,Circle,1 min,Small orbs circle the pentagon on Sept 11th,7/16/2006
7/23/2001 18:20:00,"Washington, D.C.",DC,Fireball,15-20 Mins ?,Delta 434 reported flaming falling object which left a visible contrail.,9/6/2002
7/23/2001 18:17:00,"Washington, D.C.",DC,Fireball,unknown,Ball of fire on the East Coast.,8/5/2001
5/12/2001 22:00:00,"Washington, D.C.",DC,Fireball,20 mn,"I was on my way to Washinton D.C. Getting to the entrance to the city i was listening to my radio, my friend was driving and i was jus",9/6/2002
5/11/2001 14:55:00,"Washington, D.C.",DC,Oval,15 minutes,Silver ball shape over DC.,9/6/2002
11/9/2000 8:47:00,"Washington, D.C.",DC,Disk,4 minutes,UFO appearing behind BBC correspondent on Breakfast News during US Election coverage (November 2000),9/6/2002
10/15/2000 12:30:00,"Washington, D.C.",DC,Unknown,5 minutes,Unusual Contrail..had evenly spaced lines across the entire length of the contrail,9/6/2002
10/15/2000 12:00:00,"Washington, D.C.",DC,Unknown,unk,"Observed unusual contrail very high above the Mall between the Museums. It ran North/South,was white in color against the blue sky and",9/6/2002
9/29/2000 16:35:00,"Washington, D.C.",DC,Circle,~15 minutes,Saw dancing metallic balls high in the sky over the Mall that moved unlike any plane I've EVER seen before.,9/6/2002
3/3/2000 22:05:00,"Washington, D.C.",DC,Light,10 seconds,I observed two small lights cross the night sky from approximately Orion to the North Star. They appeared to be chasing one another.,9/6/2002
1/1/2000 1:00:00,"Washington, D.C.",DC,Cylinder,about 1 minute,Near end of 1AM fireworks while standing outside Metro station in DC observed at least 5 cylindrical things moving at high speed across,9/6/2002
8/14/1999 20:00:00,"Washington, D.C.",DC,Disk,2 minutes,"Black motionless disk spotted in the evening above Washington, D.C.",9/6/2002
4/14/1999 22:30:00,"Washington, D.C.",DC,Fireball,15 seconds,Intensely fast green glowing fireball crossed the sky from nw to se over the Washington DC beltway and went below the viewable horizon.,9/6/2002
7/24/1998 14:30:00,"Washington, D.C. (Capitol Hill)",DC,Cigar,split second,"Visiting the capital and city, did not see object at all while taking the pictures, object was unseen at the time. Took two pictures,",11/21/1998
7/28/1997 13:00:00,"Washington, D.C.",DC,other,.23 secs,"While on vacation in Washington, DC, standing in front of the White House, my 8 yr old son captured something very strange on our video",9/6/2002
7/4/1997 23:00:00,"Washington, D.C.",DC,Other,30 seconds,"elongated ad flattened 6 inch dome, with 1 bright light, hovers and darts like dragonfly, D.C. Mall, 7-4-97",3/19/2009
7/4/1997 23:00:00,"Washington, D.C.",DC,Other,30 seconds,"Elongated and flattened "" dome,"" with 1 bright light, hovers and darts like dragonfly, D.C. Mall, July 4th 1997",8/5/2012
10/15/1995 22:00:00,"Washington, D.C.",DC,Light,10 Minutes,Million Man March had visitors?,1/20/2003
5/1/1988 13:00:00,Meppel (Netherlands),DC,Cone,1.5 seconds,"Orange, triangular cone, like a sharp edged shuttle with flat triangular surfaces, moving, stopping and accelerating quickly.",12/5/2014
6/6/1974 20:30:00,"Washington, D.C.",DC,Disk,two minutes,"Roiling, red/orange disk traverses nation's capitol at supersonic speed, near White House...never reported (1974).",10/31/2003
4/4/1962 0:00:00,"Washington, D.C. (area)",DC,Sphere,total 30 to 40 minutes,"My brother. At a family gathering in the early 1960s when my brother, who served in a special part of the armed forces, revealed tha",10/31/2003
6/1/1955 0:00:00,"Washington, D.C.",DC,Formation,,"Two fighter airplanes, assigned to inspect a white-dot cluster, suddenly disappear off radar, and then the cluster also disappears.",10/31/2008
7/13/1953 21:00:00,"Washington, D.C.",DC,Light,3-5 min.,"Four of us saw a ball of light come out of the sky, circle a plane then shoot off out of sight.",3/11/2006
7/17/1952 0:00:00,"Washington, D.C.",DC,Unknown,long,http://www.washingtonpost.com/wp-dyn/articles/A31625-2002Jul19.html,7/30/2002