Date / Time,City,State,Shape,Duration,Summary,Posted
9/30/2017 19:51:00,Hockessin,DE,Light,2 seconds,Large light blue beam of light flying over very quickly,10/5/2017
8/14/2017 17:20:00,Selbyville,DE,Rectangle,5 seconds,"Bright light in the sky over the trees, a rectangular shape. It was a bright light in the sky over the trees, a re",9/5/2017
7/24/2017 3:00:00,Newark,DE,Cylinder,15-20 seconds,"An UFO generated intense orange light with sound, modulated those synchronously for 20 sec, while hanging above our house.",7/27/2017
7/11/2017 23:12:00,South Dewey Beach,DE,Fireball,3 seconds,"Bright White Fireball traveling sky left to land-water right over Rehoboth Bay, DE. ((NUFORC Note: Meteor?? Anonymous report. PD))",7/14/2017
6/29/2017 4:30:00,Georgetown,DE,Diamond,10-15 minutes,Four bright lights appeared myself and wife witinessed in disbledisbleif. ((NUFORC Note: Rocket launch from Wallops Island. PD)),7/7/2017
6/28/2017 0:05:00,Bear,DE,Triangle,15 seconds,Triangular object. White light illumination not yellow. No port or star at lights. Traveled from L to R in seconds. Heading N.,7/7/2017
6/11/2017 14:30:00,Wilmington,DE,Other,20 minutes,Falling orbs.,6/22/2017
6/11/2017 14:30:00,Wilmington,DE,Other,20 minutes,Falling orbs.,6/22/2017
6/11/2017 14:30:00,Wilmington,DE,Fireball,10 minutes,100s of blinking fireball like object free fall then hover before disappearing.,6/15/2017
5/25/2017 21:00:00,Millsboro,DE,Other,10 minutes,"White orbs and flashing lights in Millsboro, DE.",7/7/2017
5/18/2017 6:00:00,Wilmington,DE,Unknown,5 minutes,A object coming from the gorund leaving a trail of smoke in its wake and then leveling out and dissapearing in clouds.,6/2/2017
4/17/2017 16:30:00,Dover,DE,Unknown,2 minutes,Airplane vanished and reappeared while hovering,4/20/2017
3/3/2017 19:25:00,Wilmington,DE,Fireball,30 seconds,Heard helicopters and saw 3 military types chasing a round red object at high speed going N. ((anonymous report)) I lived here a ve,3/10/2017
2/26/2017 19:00:00,Newark,DE,Oval,1-2 mins,My husband and i were driving and a light caught our eye and looked over at it and it hoverd then got further and further in a matter o,3/10/2017
1/13/2017 19:50:00,Milford,DE,Triangle,4 minutes,Hover craft in milford,1/19/2017
1/7/2017 21:30:00,Newcastle,DE,Teardrop,5 seconds,"The object appeared to be elongated tear drop shape and seemed, to be shooting across the sky from the east to west. Lights went from",1/12/2017
1/1/2017 19:00:00,Bear,DE,Light,4-5 minutes,"A bright, fire-like light and a small orb that protruded from it. ((anonymous report))",1/6/2017
12/30/2016 1:30:00,Delmar,DE,Sphere,1 1/2,((HOAX??)) Noticed a brighter object coming off the E horizon looked to have orange glow it was moving upwards quickly.,1/6/2017
12/30/2016 1:30:00,Delmar,DE,Sphere,1 1/2,Noticed a brighter object coming off the eastern horizon looked to have orange glow it was moving upwards quickly I went got my junk te,12/30/2016
11/11/2016 23:00:00,Middletown,DE,Disk,Still occurring,My husband and I thought it was a star until it disappeared and then showed up 45 seconds later a little bit farther to the right from,12/5/2016
11/6/2016 11:10:00,Bethany Beach,DE,Cone,10 seconds,My son his wife and I saw a silver cone saucer shaped object approach an airliner at about 25 thousand Ft.,11/11/2016
10/4/2016 20:00:00,Frederica,DE,Disk,5 minutes,Huge disk shaped object.,10/11/2016
10/3/2016 20:00:00,Laurel,DE,Formation,15,red lights over Laurel.,10/11/2016
9/25/2016 15:49:00,Wilmington,DE,Circle,30,Four objects noticed way up in the sky. ((anonymous report)),9/30/2016
9/15/2016 21:30:00,Bear,DE,Sphere,10 seconds,Huge sphere covered in bright lights just hovers over tree line before slowly descending. ((anonymous report)),9/22/2016
9/3/2016 0:00:00,Pike Creek,DE,Other,3 hrs 30 min or so,I was outside on my deck in my backyard to smoke a cigarette as I'd been unable to fall asleep. I usually recline in my seat and look,9/9/2016
6/19/2016 15:30:00,Pike Creek,DE,Unknown,10 seconds,A jet was flying west at the normal altitude that I see jets flying everyday. I know from visual experience how far apart jets need to,6/24/2016
6/1/2016 10:30:00,Harrington,DE,Unknown,90 seconds,"Daylight UFO sighting where I filmed a red, yellow/white, and blue object tumbling upward in the sky.",6/10/2016
5/12/2016 21:20:00,Elsmere,DE,Triangle,15 seconds approx.,Column of three vertical solid white lights over Elsmere DE which do 90 degree turn to form triangle,5/20/2016
4/21/2016 20:40:00,Lewes,DE,Sphere,10 minutes,Metal colored sphere with light panel on bottom and lights flashed on and off in a pattern! ((anonymous)),4/22/2016
4/21/2016 17:00:00,Bethany (Route 1),DE,Disk,2 minutes,Very slow flying disk with with white orbital/flashing lights around bottom. Low flying then ascended vanishing after short period.,4/29/2016
4/16/2016 8:20:00,Milford,DE,Oval,2 minutes,"((HOAX??)) Object was oval black in color; did not see lights, if any. ((anonymous))",4/22/2016
3/31/2016 20:30:00,Rehoboth Beach,DE,Oval,20 minutes,We spotted an oval-shaped aircraft while driving on route one; did not fly like a helicopter and was too round to be a plane; flying in,4/1/2016
3/18/2016 20:30:00,Felton,DE,Circle,4 minutes,One bright round white light changed to two orange round lights and then to one red blinking and one orange.,3/24/2016
3/5/2016 21:00:00,Bear,DE,Formation,1 hour,"I've seen this light in the clouds so far three other time's. Going out to smoke twice in Bear once in Newark, DE.",3/11/2016
12/20/2015 22:45:00,Bear,DE,Light,10 minutes,I went out to walk the dog. In the sky above neighborhood homes to the NW I saw a line of red-orange lights not blinking flying N.,12/21/2015
12/20/2015 21:45:00,Bear,DE,Light,10 minutes,"20+ bright red lights flying together over Bear, DE.",12/21/2015
12/15/2015 0:00:00,Millsboro,DE,Formation,30 seconds,"My girlfriend and I were driving home from work at about 5:45pm, she was looking out the window, and called my attention when she notic",1/5/2016
11/27/2015 2:00:00,Newark,DE,Circle,5 minutes,"((HOAX??)) Circular lights showed up in the sky,",12/3/2015
11/26/2015 21:00:00,Laurel,DE,Fireball,5 minutes,Two red orange lights moving than disappearing after at least 5 mins.,12/3/2015
11/25/2015 19:00:00,Milford,DE,Circle,45 minutes,"My 2 son's and 4 neighbors witnessed 40 plus glowing and pulsating orange lights flying from east to west. Some were in a ""V.""",11/26/2015
11/3/2015 21:00:00,North Star,DE,Light,0.2,"Loud, low noise near Newark, DE ...then 4 oOo shaped lights in sky above in formation....then the helios show up.",11/6/2015
10/31/2015 19:00:00,Newcastle,DE,Diamond,2 minutes,Hovering on the border of the delaware air national gaurd. this was not military. it was silent and did not move.,12/10/2015
10/31/2015 14:05:00,New Castle,DE,Other,15 seconds,"Giant stingray-like object flying over New Castle, Delaware.",11/6/2015
10/25/2015 7:45:00,Middletown,DE,Oval,10 minutes,White oval objects floating in sky.,10/29/2015
10/23/2015 5:00:00,Wilmington,DE,Light,3-4 minutes,Silent aircraft over Wilmington/Pike Creek.,10/29/2015
9/24/2015 8:00:00,Middletown,DE,Circle,0.4166666667,"Circular object ape are above the trees. The sky was clear, the object stayed stationary for about 2 hours.",9/25/2015
9/23/2015 18:00:00,Selbyville,DE,Circle,15-20 minutes,Red lights in the sky.,9/25/2015
9/16/2015 21:00:00,Newark,DE,Circle,30 minutes,Red light flickering in the northwestern sky.,9/17/2015
9/15/2015 22:00:00,Deerfield,DE,Light,3 minutes,25 crafts flying low heading southwest. Very bright but with no sound...then disappeared in clouds 3 mins tops,9/17/2015
8/28/2015 7:45:00,Newcastle,DE,,,"((HOAX??)) Newcastle, DE, Fri., Aug. 28 2015 approx. 7:45 am est. visiting cemetary. At that time I looked in sky cigar shape.",9/2/2015
8/22/2015 19:00:00,Smyrna,DE,Triangle,20 minutes,Very bright Triangle/U shaped light.,8/27/2015
8/17/2015 21:05:00,Stanton,DE,Circle,6 minutes,Quick flash of light with vary distinguished shape!,8/27/2015
8/13/2015 20:41:00,Bethany Beach,DE,Circle,90 seconds,Orange circle in sky.,8/27/2015
8/12/2015 20:41:00,Bethany Beach,DE,Circle,1 minute,"Round glowing orange object, seen by myself, my daughter and 2 other people who were watching the meteorite showers",8/13/2015
8/9/2015 4:57:00,Pike Creek,DE,Formation,10 minutes,"Objects at very high altitudes, traveling east.",8/13/2015
8/7/2015 19:00:00,Dover,DE,Oval,15 seconds,Two large oval shaped saucers were flowing low and close together in the tree lines.,9/11/2015
8/4/2015 22:00:00,Rehoboth Beach,DE,Light,30 minutes,"Over the beach in Rehoboth, traveling south to north toward lightning that continued, centered over ocean.",8/6/2015
7/21/2015 22:00:00,Wilmington,DE,Triangle,30 seconds,"Triangular lights seen over Wilmington, DE, heading towards New Castle along 13",7/23/2015
6/13/2015 23:46:00,Tallahassee,DE,Circle,:20,Hovering object.,6/15/2015
5/22/2015 22:30:00,Pike Creek,DE,Circle,10 minutes,Bright Round White Light with Flashing Red or Orange light.,5/29/2015
4/15/2015 21:30:00,Newark,DE,Triangle,2 minutes,"Trianular shaped, silent aircraft with pulsing white lights silently and quickly passed over top in Newark, DE.",10/2/2015
3/15/2015 6:00:00,Hartly,DE,Triangle,15 seconds,Three triangular shaped objects directly above my driveway in forest grove park. I was pulling in the driveway with my dad and I was in,4/17/2015
2/18/2015 6:30:00,Dover,DE,Disk,30-45 minutes,Controlled or extraterrestrial object. ((anonymous report)),4/29/2016
1/28/2015 18:08:00,Elsmere,DE,Light,25+ minutes,I saw a bright pulsating orb that lit up the South East sky.,1/30/2015
11/24/2014 18:25:00,Hockessin,DE,Oval,2 minutes,Bright lights hovering in air dimmed and flew eastward.,11/26/2014
11/21/2014 6:00:00,Millsboro,DE,Circle,40 seconds,White red glowing orb flying west to east at medium rate of speed but faster then any plane I've seen.,11/21/2014
11/21/2014 5:30:00,Millsboro,DE,Oval,20 seconds,White bright orb pulsing.,11/21/2014
11/18/2014 21:00:00,Townsend,DE,Rectangle,15-20 minutes,"4 people witnessed this amazing event, 3 sep. objects.HUGE, MAJESTIC, LIGHTS BRILLIANT QUIET, LOW",11/21/2014
10/25/2014 23:45:00,Wilmington,DE,Circle,20 minutes,8 fireballs following same path traveled northeast.,11/6/2014
10/12/2014 20:05:00,Wilmington,DE,Light,~10 minutes,Cluster of orange/red pulsating lights vicinity of Philadelphia Airport,11/6/2014
10/12/2014 20:05:00,Wilmington,DE,Light,5-7 minutes,"Lots of pulsing red lights flying in formation, against the wind, south of the Philadelphia metro area",11/6/2014
9/28/2014 20:30:00,Harrington,DE,Fireball,10,2 Fireball looking quiet slow flying object.,10/3/2014
9/10/2014 21:30:00,Bethany Beach,DE,Triangle,45 seconds,"Looking at the moon from a beach house, observed several orange triangle objects in the south east sky. All in a row. Went from maybe 6",9/18/2014
9/1/2014 22:19:00,Milford,DE,Circle,2 minutes,"Bright orange orb traveled from south to north just above tree tops over McColley st/Marshal St. area,then traveled east.",9/5/2014
8/28/2014 20:30:00,Newark,DE,Unknown,2 minutes,"Reg, green lights, movement atypical.",8/29/2014
8/28/2014 5:30:00,S. Bethany Beach,DE,,5 minutes,CIRCULAR EXPLOSIONS WITH COLOR SPIRALING TOWARD EARTH,9/5/2014
8/27/2014 1:20:00,South Bethany Beach,DE,Formation,10 minutes,4 LIGHTS (OBJECTS) APPEAR SUDDENLY AROUND JET FLYING AT NIGHT AND STAY IN FORMATION.,8/29/2014
8/27/2014 1:00:00,South Bethany Beach,DE,Formation,4 minutes,V-SHAPED SLOW MOVING SILENT FORMATION OF LIGHTS FEW HUNDRED FEET WIDE AND HIGH IN SKY.,8/29/2014
8/25/2014 3:30:00,South Bethany Beach,DE,Circle,7 seconds,BRIGHT SLOW BLINKING STATIONARY LIGHT IN STARRY SKY.,8/29/2014
8/16/2014 21:35:00,Rehoboth Beach,DE,Oval,3 minutes,"3 bright orange crafts flew silently above the beach, and disappeared over the ocean.",8/22/2014
8/14/2014 22:00:00,Fenwick Island,DE,Circle,5 minutes,Orange reddish ball ovef the ocean.,8/22/2014
8/13/2014 20:45:00,Wilmington,DE,Fireball,6 seconds,It was white like a star had white streak could have been a meteor And it made no sound and disappears.,8/15/2014
8/6/2014 23:05:00,Ellendale,DE,Triangle,15 seconds,"Three white lights in a triangle formation were hovering above the tree line, until the lights dimmed and it totally disappeared.",8/8/2014
8/3/2014 21:00:00,Townsend,DE,Fireball,75 seconds,Glowing ball of fire hovering in the evening sky.,8/8/2014
8/3/2014 20:00:00,Wilmington,DE,Fireball,1-2 minutes,Saw 2 slow moving fireball type orbs heading South over Kirkwood hwy. while at gas station.,5/13/2015
7/31/2014 22:30:00,Camden,DE,Unknown,5 minutes,"An intensely bright strobing light that appeared, silent, and moved with incredible speed across the sky changing position.",8/1/2014
7/27/2014 22:00:00,Dewey Beach,DE,Triangle,60 seconds,"3 blue in color triangle shaped objects ""dancing"" over the Indian River Inlet Bridge, just S of Dewey Beach.",8/8/2014
7/26/2014 16:00:00,Rehoboth Beach,DE,Diamond,2-3 seconds,Four equidistant white lights forming a diamond shape from the rear of what appeared to be a silver-gray cylinder.,8/22/2014
7/23/2014 5:19:00,Middletown,DE,Flash,3 seconds,Red flashing light moving at impossible speed at night in middletown DE.,7/26/2014
7/17/2014 22:20:00,Longneck,DE,Fireball,5 seconds,Green STREAK SW SKY downward then two flashes as if impacted.,7/20/2014
7/11/2014 21:00:00,Newark,DE,Rectangle,10 minutes,Red and green lights and spinning quick movements in a crowded place.,7/20/2014
7/10/2014 22:00:00,Wilmington,DE,Fireball,15 minutes,"""Fireballs"" (n=2) Moving in a southwest to north direction.",7/11/2014
7/4/2014 22:00:00,Newark,DE,Circle,20 minutes,"We were watching the fireworks, when we noticed this thing in the sky flashing green & red lights. At first I thought it was just a hel",7/5/2014
7/4/2014 22:00:00,Bethany Beach,DE,Circle,1 hour,Red orbs float over ocean.,7/11/2014
6/30/2014 0:07:00,Wilmington,DE,Circle,2-3 minutes,"Four orbs spotted over Wilmington, DE.",7/4/2014
6/7/2014 9:30:00,Wilmington,DE,,15 seconds,A object skirting slowly across the sky over my house it had a light in the center it was 300 to 400 ft away moving very slow......then,6/13/2014
2/21/2014 19:45:00,Newark (I-95; near PA border),DE,Circle,15 seconds,"Slow moving orange and red circle, like a large upside down gas stove range.",2/27/2014
2/20/2014 6:50:00,Wilmington,DE,Chevron,15 seconds,Chevron shaped object with string of lights hovering for about ten seconds. Object then very slowly moved away and out of sight.,2/21/2014
1/31/2014 21:00:00,Wilmington,DE,Light,2 seconds,Green streaking light at low altitude.,2/7/2014
1/19/2014 21:00:00,Elsmere,DE,Light,2-3 seconds,Greenish light splits into 2 with a yellowish glow.,1/24/2014
1/1/2014 0:18:00,Lewes,DE,Light,22 minutes,9 lights flew diffrent speeds some times fast and others slow W to E north of the canal Red-Green and Blue. They made no noise.,1/10/2014
12/25/2013 7:55:00,Bear,DE,Circle,5 minutes,Orange light somewhat bright. Moing slower than airplane two together went backin house to check on I pone app. Not a planet or star .,1/10/2014
12/16/2013 19:05:00,Laurel,DE,Unknown,5 minutes,Strange lights.,12/23/2013
11/28/2013 20:30:00,Lewes,DE,Light,5-10 seconds,Bright blue light moving horizontally.,12/2/2013
11/19/2013 20:18:00,Ocean View,DE,Other,5 minutes,Bright Aircraft Emitted Sparks and Disappeared.,11/20/2013
11/12/2013 22:45:00,Bear,DE,Light,20 seconds,Very fast moving object at high altitude with flashing lights. Covered 20 miles in less than 20 seconds,11/20/2013
8/29/2013 20:30:00,Newark,DE,Circle,2.5 hours,Circle with lites.,9/30/2013
8/26/2013 9:30:00,Bear,DE,Other,2 minutes,On the morning of August 26th a dark mushroom shaped object was seen moving without sound in the sky over Bear Delaware.,9/9/2013
8/1/2013 21:20:00,Bethany Beach,DE,Circle,5 minutes,"Bethany beach de, boardwalk, 3 red-orange, flickering balls located over ocean, NE direction",8/30/2013
5/25/2013 0:00:00,Dover,DE,Sphere,12 minutes,"Two yellowish orange, bright sphere shaped objects in Dover, DE.",6/2/2013
3/22/2013 19:58:00,Millsboro,DE,Fireball,3-7 seconds,I was walking dog on march 22 2013..saw sparkling fire ball steam across early night sky ..then its disapeared or burned out.,5/15/2013
3/2/2013 22:20:00,Hartly,DE,Circle,5 minutes,Unidentifed Flying Object Distant Sighting Leading to an Up Close and Personal Encounter- Constant Glowing White- 150 ft away.,4/12/2013
1/21/2013 21:00:00,New Castle,DE,Circle,10 minutes,Fire in the Sky in New Castle Delaware if you seen this you will wonder if they are out there.,2/4/2013
12/28/2012 20:00:00,Milford,DE,Light,20 minutes,Pulsating orbs 2-8 over Milford.,2/4/2013
12/28/2012 20:00:00,Lincoln,DE,Formation,5-7 minutes,5 red lights hovering low two dissappeared and remaining 3 formed triangle pattern.,2/4/2013
12/27/2012 3:00:00,Wilmington,DE,Oval,10s; 30m,It sparkled and quickly zipped above the trees.,2/14/2014
12/23/2012 20:30:00,Bear,DE,Fireball,4 minutes,"15+ orange fireballs sequentially moving north at a moderate speed in Bear, DE.",2/4/2013
12/6/2012 21:45:00,Newark,DE,Triangle,30 seconds,Noisy aircraft travelling slowly S. Low in the sky; lights on each corner of triangle. Near Kirkwood Hwy and Polly Drummond Hill Rd.,12/20/2012
12/5/2012 12:30:00,Newark,DE,Light,20 seconds,Green glowing silent orb moving S at 30&#730; down from the horizon looking east near Kirkwood Hwy and Polly Drummond Hill Rd in Newark,12/20/2012
12/4/2012 1:00:00,Newark,DE,Unknown,2 minutes,Silent aircraft blinking white light six-flash increments. Followed by jet. Near Kirkwood Hwy and Polly Drummond Hill Rd.,12/20/2012
12/1/2012 19:00:00,Dover,DE,Triangle,20 seconds,Four lights flying in triangle formation.,12/20/2012
11/1/2012 5:56:00,Lewes,DE,Triangle,4 seconds,"Dim horizontal lights in isosceles triangle shape flying East to West over Lewes, DE",11/4/2012
10/22/2012 19:45:00,Milford,DE,Formation,7 minutes,5 differeny colored lights flashing and blinking and solid orange burst heading over delaware bay,10/30/2012
10/20/2012 22:15:00,Bethany Beach,DE,Sphere,15 minutes,"Four hovering orange/red fireballs sighted above Bethany Beach, DE, around 10:15pm on Saturday, October 20, 2012.",11/19/2012
9/1/2012 21:00:00,Rehoboth,DE,Light,75 minutes,"5 red fiery urbs seen by 4 people over Rehoboth Bay, DE",9/24/2012
8/5/2012 17:50:00,Newark,DE,Circle,2-5 seconds,Two silvery-white circular shaped craft appeared to use a cloaking technology to reappear and disappear.,8/19/2012
8/2/2012 21:00:00,Newark,DE,Circle,5 seconds,"After running at the Glasgow Park off of 896 and rt 40, my friend texts me and asks, ""Dude, did you see those 8 orange lights leavin",8/5/2012
7/25/2012 22:15:00,Wilmington,DE,Sphere,20 seconds,Four Bright Orange Sheres appear twice with 5 minutes seen by neighbors in Delaware,8/5/2012
7/15/2012 2:25:00,Dover (west of),DE,Triangle,1-3 minutes,Triangular UFO with white blinking lights,8/5/2012
7/14/2012 22:40:00,Bethany Beach,DE,Disk,22:35 - 22:37,Yellow lighted large disk soundless over Bethany Beach De,8/5/2012
7/12/2012 21:30:00,Viola,DE,Other,2 minutes,Mysterious light resembling fire scanning cylinder,8/5/2012
7/12/2012 4:50:00,Newark,DE,Flash,At least 10 minutes,Red blinking light near Venus on 7/12/12,8/5/2012
7/4/2012 21:30:00,Newark,DE,Fireball,2 minutes,Red glowing fireball floating across field in Newark delaware,8/5/2012
7/4/2012 0:00:00,Bear,DE,Fireball,1-2 minutes,"Fireball sighted about midnight traveling northeast in Bear, Delaware.",8/5/2012
6/27/2012 13:00:00,Bethany Beach,DE,Sphere,1.5 hours,Hovering double sphere shape bright metalic craft just under the cloud ceiling on Delaware shore,8/19/2012
6/16/2012 21:40:00,Bear,DE,Formation,5-7mins,Dull Orange Cicular Objects Fly in Formation over New Castle County,6/20/2012
6/9/2012 23:15:00,Frederica,DE,Disk,5-6 seconds,"Yellowish-Gold falling star, that stopped, changed colors and vanished.",6/14/2012
6/7/2012 12:00:00,Elsmere,DE,Triangle,15 seconds,"Small triangular shaped craft, which made zig zag movement in the sky.",6/14/2012
2/18/2012 20:30:00,Newark/Bear,DE,Unknown,10 minutes,2 clusters of orange lights in sky. About 25 lights per cluster,3/13/2012
2/5/2012 18:20:00,Bellefonte,DE,Teardrop,3 minutes,Glowing orange cluster of lights,2/10/2012
1/20/2012 5:15:00,Wilmington/Pike Creek,DE,Light,2-3 minutes,"2 bright light shooting across the sky and disappeared in Pike Creek, DE",1/24/2012
1/18/2012 22:00:00,Lincoln,DE,Light,3 mins,"i saw blinking lights in the sky, & think it was hovercrafts.",1/24/2012
1/13/2012 23:29:00,Ocean View,DE,Formation,15 seconds,Formation of 4 aircrafts with glowing underbelly flying low and towards Atlantic Ocean,1/24/2012
1/7/2012 23:43:00,Lewes,DE,Rectangle,3,"I JUST HAPPENED TO LOOK UP AND SEE A ""V"" SHAPED lights. I know what I saw!",1/12/2012
11/11/2011 20:00:00,Dover,DE,Triangle,15-20 seconds,A triangular shaped hovering object with green and red lights,12/12/2011
11/5/2011 18:15:00,Elsmere,DE,Diamond,1-5 seconds,Aircraft comes and disappears out of thin air.,12/12/2011
10/12/2011 19:00:00,Seaford,DE,Fireball,?,"One cloudy evening on Sept 12, 2011-as I walked toward the sunroom in the backyard which is toward the south, that is made of all wind",3/13/2012
10/7/2011 13:00:00,Wilmington,DE,Flash,3-4 minutes,"UFO object in the southwest sky as I was at Silverside rd and Concord POike at 13:00 on Friday October 7, 2011",10/10/2011
9/15/2011 17:00:00,Newark,DE,Disk,10 minutes,Strange cloud changed shapes and became a saucer.,1/24/2012
9/8/2011 23:00:00,Claymont,DE,Circle,0.08333333333,45 minutes long and watched us,10/10/2011
8/24/2011 22:00:00,Harrington,DE,Sphere,1.5 HRS,Multiple UFO sighting with possible contact,10/10/2011
7/30/2011 22:00:00,Millsboro,DE,Unknown,1 hour plus,Orange lights in sky.,8/7/2011
7/27/2011 23:00:00,Broadkill,DE,Fireball,8 seconds,Large Fireball erupts in the sky then disappears after green lights fall.,7/22/2013
7/21/2011 21:30:00,Bethany Beach,DE,Sphere,20 - 30 minutes,Numerous red orbs moving north over the ocean,8/7/2011
6/15/2011 23:20:00,Middletown,DE,Changing,1935 st. Augustine,"I was in my bedroom on the second floor talking on the phone, and out of nowhere I heard a noise outside. So I looked outside, and I sa",6/20/2011
5/30/2011 22:50:00,Middletown,DE,Light,6-10sec,It was a meteor like object that moved at angles and no curves at a high rate of speed.,6/3/2011
3/24/2011 23:05:00,Smyrna,DE,Oval,5 minutes,Black craft with two white lights above housing development,5/2/2011
1/4/2011 22:25:00,Felton,DE,Triangle,15 minutes,"Three triangular objects with rotating, colored lights appear in the western night sky over a mid-Atlantic town.",1/5/2011
12/22/2010 0:00:00,Wilmington,DE,Disk,,it apears to land then take off,1/5/2011
10/30/2010 23:35:00,Bear,DE,Light,45 seconds,group of reddish lights flying over a residential neighborhood.,11/21/2010
10/23/2010 18:50:00,Hockessin,DE,Sphere,approx. 15 minutes,Large number of unidentified aircraft flying together.,11/21/2010
10/20/2010 20:30:00,Wilmington,DE,Disk,20-30 seconds,"Circular solid, semi-transparent glowing off-white circular shape zipped through the sky, stopped suddenly without slowing, went up",11/21/2010
9/5/2010 16:00:00,Bear,DE,Sphere,30 seconds then 30 second,a round metallic object flying over bear del. disappeared and reappeared changed direction and flew away at incredible speed,11/21/2010
8/29/2010 15:30:00,Newark,DE,Circle,2+ minutes,"Multiple witnesses of 2 flying disks in Newark, DE on 08/29/10",8/30/2010
8/21/2010 23:45:00,Felton,DE,Changing,1 minute,Coming from upstate new york we left here at 5:30pm. Tryed to get into the first entrance of the camping ground around 11:20pm. It was,8/24/2010
8/11/2010 23:00:00,Dewey,DE,Light,3 minutes,lights along and over the water,8/24/2010
8/7/2010 21:30:00,Rehoboth Beach,DE,Light,5 minutes,Repeated Observation of Red/Orange Flickering Lights off Delaware Coast,8/24/2010
7/25/2010 0:00:00,Wilmington,DE,Other,1 hr 30 min.,Brightly lit object floating silently near tall trees. ((NUFORC Note: Possibly Jupiter in the southern sky. PD)),7/28/2010
7/5/2010 21:40:00,South Bethany Beach,DE,Light,2 mins,Glowing red/orange lights in sky.,7/19/2010
6/9/2010 21:30:00,Delaware (Highway DE-1 N),DE,Circle,2 minutes,My boyfriend and I were driving on DE-1 N crossing a bridge going toward 13 N when we saw a round object with big white and red lights,6/10/2010
3/19/2010 22:00:00,Wilmington,DE,Sphere,Approx. 3 seconds,A quick moving green glowing ball seen while driving.,4/13/2010
11/27/2009 18:59:00,Lewes,DE,Other,momentary,Small fireball over Delaware coast,12/12/2009
9/5/2009 4:30:00,Newark,DE,Triangle,40 min,Orange-ish array of lights cruising over I-95 in Delaware,12/12/2009
8/1/2009 0:30:00,Harrington,DE,Rectangle,10 minutes,It sat still for ten miutnes then out of nowhere made a sharp right turn and took off faster then anything ive ever seen,8/5/2009
7/12/2009 21:15:00,Dewey Beach,DE,Fireball,5 minutes,"Large fireball over Dewey Beach, Delaware",8/5/2009
5/30/2009 0:15:00,Newark,DE,Light,4 minutes,White haze/light moving at amazing speeds. Far greater than any known military or commercial aircraft,6/9/2009
4/19/2009 4:00:00,Dover,DE,Changing,1 hour,"Bright light changed shapes, multiplied, and faded out. ((NUFORC Note: Star?? PD))",5/12/2009
2/22/2009 22:30:00,Dover,DE,Triangle,5 minutes,"Large, silver flying object with light beaming down.",5/12/2009
1/21/2009 20:45:00,Dagsboro,DE,Changing,30 minutes,7 Obects seen over Southern Delaware.,3/19/2009
1/11/2009 10:10:00,Dover,DE,Circle,HALF HOUR,NOISELESS HOVERING THEN FLYING CIRCLE OF WHITE LIGHTS,3/19/2009
12/3/2008 21:30:00,Rehoboth Beach,DE,Other,7-10 seconds,Odd panel of four orange lights spotted above Atlantic Ocean before quickly fading out.,1/10/2009
11/27/2008 20:00:00,Bear,DE,Circle,5 minutes,"Three of us witnessed a orange, glowing, round object, that was soundless, and moved slowly accross the sky from the south to the north",1/10/2009
11/20/2008 23:00:00,Lincoln,DE,Circle,5 minutes,"blinking lights, silent, moved rather quickly.",1/10/2009
10/2/2008 19:20:00,Hockessin,DE,Cylinder,2 Min,"UFOs Sighted in Hockessin, Delaware.",10/31/2008
9/29/2008 21:25:00,Felton,DE,Changing,5 minutes,"Large, highly bright and changing lighting, shape changing, increbable speed UFO captured on phone video. Felton Delaware",10/31/2008
9/14/2008 8:00:00,Clayton,DE,Oval,,Black ring 20' diameter in back yard.,10/31/2008
8/3/2008 22:00:00,Milford,DE,Fireball,3 seconds,"Three family members saw a green fireball, about the size of a tennis ball, travel E to W for 3 seconds, with trailing red-orange spark",8/12/2008
7/19/2008 6:15:00,Delaware (Rte. 113),DE,Sphere,5 seconds,Fast moving bright white light the was sperical in shape .It blinked three times then vanished.,8/12/2008
5/31/2008 0:20:00,Smyrna,DE,Triangle,5 seconds,Large triangular craft with three bright lights.,6/12/2008
5/14/2008 22:00:00,Wilmington,DE,Sphere,4 seconds,"Light sphere seen, exactly the same as the one in the British Police Helicopter footage.",7/5/2008
3/5/2008 23:45:00,Bridgeville,DE,Light,45 Minutes,"A rapidly changing light in the sky. ((NUFORC Note: Probably a sighting of the star, Sirius. PD))",3/31/2008
1/20/2008 0:00:00,Penns Grove,DE,Other,15min,"as if it was just sitting in the sky,as if it there where no gravity moving in unhuman tec.",3/4/2008
12/21/2007 6:30:00,Bear,DE,Triangle,2 minutes,Multiple sightings of a perfect circle of light that is replaced by three dimmer lights in an equilateral triangle.,3/4/2008
12/15/2007 0:00:00,Newark,DE,Circle,15 minutes,"Two very bright lights seen in the sky before vanishing, one seen a second time in a different location several minutes later",3/4/2008
12/14/2007 18:50:00,Newark,DE,Unknown,,Coming out of RedRobins resturant around 6:50pm I saw a bright light ahead of me moving towards my right which would be south. It was a,3/4/2008
11/22/2007 21:00:00,Lewes,DE,Light,1hour,((ADVERTISING LIGHTS??)) 4 White lights continually circling over area in sky and joining in center at a point.,11/28/2007
11/22/2007 21:00:00,Lewes,DE,,1 hour,"White globe type lights circulating and converging. ((NUFORC Note: Possible advertising lights, we wonder? PD))",3/4/2008
11/8/2007 22:28:00,Newark,DE,Fireball,1-2 seconds,Bright BLUE/GREEN object streaked cross the sky from NE to SW.,11/28/2007
11/1/2007 4:00:00,Smyrna,DE,Light,5 sec.,Unexplainable acceleration and deceleration in proportion to emitted light intensity.,11/21/2010
10/29/2007 4:30:00,Newark,DE,Unknown,60 minutes,"Very brilliant white light over northern Delaware, hovering for an hour and then shot upward into space. ((NUFORC Note: Venus. PD))",11/28/2007
8/28/2007 20:30:00,Claymont,DE,Sphere,1sec,2 spheres side by side traveling west to east over claymont de.,10/8/2007
7/15/2007 23:15:00,"Middletown / Townsend or Cecilton / Warwick, Maryland",DE,Unknown,3-4 seconds,Bright lights are seen for seconds then vanish after a house blocks view,8/7/2007
6/6/2007 2:50:00,Newark,DE,Light,2-5 minutes,Object traveling at an extreme speed and maneuvers not capable by any known aircarft,6/12/2007
1/23/2007 22:30:00,Dover,DE,Triangle,5 minutes,"Silent, triangular craft hovering over a field within one mile of airforce base",2/1/2007
1/1/2007 0:00:00,Dover,DE,Sphere,15-seconds,"((HOAX??)) Shpere like air craft sighted in DE, on new years.",1/21/2008
10/30/2006 19:20:00,Seaford,DE,Circle,15 sec,"two cicular objects observes for about 15 seconds on a clear night, dimmed slightly once, then again and dissapered",12/7/2006
8/9/2006 15:00:00,Wilmington,DE,Sphere,15 min,3 objects interacting over DE City,10/30/2006
6/20/2006 22:00:00,Rehoboth Beach,DE,Light,20 secs,bright green oblonged object flying vertical in sky,7/16/2006
6/2/2006 2:00:00,Newark,DE,Other,0.08402777778,"While sitting outside, witnessed an unusual aircraft, which changed speeds amazingly.",7/16/2006
5/22/2006 23:34:00,Fenwick Island,DE,Light,,bright light stopping/starting and changing directions; east to west migration x 45 minutes before stopping,7/16/2006
5/21/2006 20:00:00,Dover,DE,Triangle,3 minutes,Floating Airliner?,7/16/2006
5/8/2006 23:00:00,Wilmington,DE,Triangle,10 Minutes,Weird Lights,5/15/2006
5/1/2006 22:00:00,Wilmington,DE,Triangle,10 minutes,triangular shape with lights,5/15/2006
4/15/2006 17:15:00,Wilmington (suburbs),DE,Sphere,1 minute,Brilliant sphere floats above the Wilmington Suburbs.,7/16/2006
12/23/2005 13:36:00,Hockessin,DE,Sphere,?,Observed stationary sphere while photographing chemtrails. ((NUFORC Note: Contrails. PD)),2/14/2006
12/18/2005 22:05:00,Dover,DE,Diamond,6 seconds,Low flying extremely fast dull yellow/white diamond shaped object heading South. Dover De.,2/14/2006
11/29/2005 17:30:00,Lewes,DE,Light,Short,Radio changing and light circling car,12/16/2005
11/8/2005 17:48:00,Newark,DE,Light,2 minutes,Red-Orange light seen from the University of Delaware campus,11/8/2005
10/31/2005 19:00:00,Newark,DE,Light,45 seconds,"Very fast, brillant bluish/white light travelling horizontally without dimming or falling",11/3/2005
9/17/2005 20:00:00,Newark,DE,Triangle,1 minute,"3bright lights trianglular shape like an airplane, but hovering",10/11/2005
5/11/2005 22:00:00,Wilmington,DE,Unknown,30 min,"Flashing red, green and white light. ((NUFORC Note: Sighting of Sirius?? PD))",5/24/2005
4/19/2005 21:00:00,Wilmington,DE,Light,30 seconds,Light over General Motors plant,5/11/2005
2/23/2005 3:15:00,Newark,DE,Unknown,3-5 Min,"Amber light seen above Newark, Delaware. Aprox 3:30am",4/16/2005
2/19/2005 21:00:00,Clayton,DE,Triangle,15 min.,"Saw triangular shaped, black object with greenish lights, on 2/19/05, in De. USA at 9:30pm EST",4/16/2005
1/19/2005 19:00:00,Lewes,DE,Light,15 minutes,"Heading south on Route 1 toward Lewes, Delware, I observed 4 solid red lights in a chevron formation. They did not move, remaining sta",1/27/2005
11/26/2004 5:00:00,"Seaford/Millsboro (from/to)Millsboro, to Rehobot",DE,Light,40 minutes or more,"Light followed car from start of journey to destination, stopping when vehicle stopped and so forth.",12/14/2004
8/8/2004 15:20:00,Wilmington,DE,Sphere,15 sec.,I observed a metallic sphere travelling west to east below cloud level.,8/11/2004
6/10/2004 22:30:00,Rehoboth Beach,DE,Flash,10SEC,UFO 40 miles off Rehoboth Beach Delaware coast,7/25/2004
4/30/2004 3:15:00,Seaford/Old Bridge,DE,Disk,10 min,"Hoovering Craft in Seaford, Delaware 4/30/04",5/4/2004
4/12/2004 20:00:00,Elsmere,DE,Chevron,0.8354166667,Flying Wing over Elsmere DE,4/27/2004
3/17/2004 16:30:00,Milton,DE,Other,12-30,"Boat/schooner shaped Hull curved rotating ,color Flat Black.",4/27/2004
3/15/2004 19:30:00,New Castle,DE,Circle,2 minutes,Two white lights traveling at a very fast speed.,3/17/2004
1/10/2004 17:35:00,Elsmere,DE,Circle,10 Minutes,Lights outside Elsmere Pt. 2,1/17/2004
7/15/2003 22:00:00,Bear,DE,Formation,2 min,Five strange lights moving in a slithering motion over my car like a sidewinder.,3/4/2008
7/13/2003 12:00:00,Milford,DE,Unknown,1 minute,"Long dark gray metallic object spotted in front of cloud, moving slower than a plane.",7/16/2003
5/18/2003 23:10:00,Elsmere,DE,Light,0.9659722222,Light came over Town of Elsmere then shot off.,5/27/2003
4/20/2003 1:00:00,Middletown,DE,Triangle,about 3-8 minutes,"Saw a craft with bright lights, watched it, saw it do an ABOUT FACE in midair and come straight back the same path it had been taking",11/8/2003
2/11/2003 20:49:00,Orlando,DE,Fireball,14minets,"I was walking my dog after i'd put the children to bed when i saw it, was huge a great fireball",3/21/2003
12/27/2002 19:00:00,Seaford,DE,Unknown,5 minutes,Strange lights in the sky,3/21/2003
12/23/2002 4:00:00,Rehoboth Beach,DE,Disk,30 minutes,fACING TO THE sOUTHEAST A VERY BRIGHT OBJECT HIGH IN THE SKY HOVERING OVER PROBABLY THE OCEAN AND i WATCHED IT MOVE HIGHER IN THE SKY D,12/23/2002
9/29/2002 23:30:00,Dewey Beach,DE,Triangle,Five minutes,Very largeTriangle shaped silent craft moving off of the ocean over our heads with lights at each corner,5/24/2005
9/29/2002 21:30:00,Smyrna,DE,Triangle,30 minutes,Triangle craft with 3 bright lights,10/15/2002
8/30/2002 21:05:00,Dover,DE,Triangle,6 minutes,Triangle shaped aircraft hovering low in a field off Route 1 South,9/6/2002
8/30/2002 9:45:00,Dover,DE,Triangle,,triangle with white lights,9/13/2002
6/1/2002 12:30:00,Slaughter Beach,DE,Light,1/2 hour,Two bright lights traveling @ high speeds were sighted over the Delaware Bay. These were seen by 3 other people as well as myself. I ha,6/12/2002
6/1/2002 2:45:00,Frankford,DE,Light,continues now,bright white flying object in our backyard.,6/12/2002
1/24/2002 20:30:00,Claymont,DE,Circle,5 minutes,We were leaving a friends house to go home. When we went out the door my son said Mom there's the big dipper as I looked up a group o,3/21/2003
7/23/2001 18:19:00,SMYRNA,DE,Egg,10SEC,"SEEN A WHITE TRAIL VERY FAST ,EGG IN FROUNT , EGG WAS BLUE",8/5/2001
7/20/2001 23:30:00,Hockessin,DE,Formation,15-20 minutes,Shifting formation of amber lights,9/28/2003
6/10/2001 3:15:00,Wilmington,DE,Circle,10 seconds,Circular Shadow seen above Wilmington De on 6-10-01,8/5/2001
1/22/2001 19:45:00,Frankford,DE,Light,40 minutes,Very very bright light. ((NUFORC Note: We will await further information. Possible advertising light?? PD)),1/27/2005
11/3/2000 19:40:00,Dover,DE,Triangle,3 minutes,"11-03-2000: Large ""Stealth"" Style Craft Hovers Near Delaware Highway 113 (milemaker 46.5)",12/2/2000
11/3/2000 19:40:00,Dover,DE,Triangle,3 minutes,"""Stealth""",12/2/2000
9/16/2000 19:00:00,Wilmington,DE,Triangle,6 mintues,Seen in the sky by Mother daugther and 3 grandkids was a very strange thing. It was triangle in shape. In each corner there was a brig,9/21/2000
6/22/2000 23:00:00,Georgetown,DE,Light,3 seconds,Falling stars do not do figure eights.,7/11/2000
5/17/2000 0:35:00,Wilmington,DE,Other,5 minutes,"It was football-shaped, totally illuminated with white/grey(the body)2 rows of strobing white lites top and bottom",6/6/2000
5/7/2000 13:00:00,Greenville,DE,Other,0.03125,"Brilliant Gold object observed through binoculars. Discription would resemble a ""Straight Pin"" Such as a ball at one end.",5/11/2000
9/23/1999 14:00:00,Millsboro,DE,Egg,45minutes,Followed vehicle and occupants from Home to destination approximately 30 to 40minutes away. Stopped when vehicle stopped and appeared t,10/2/1999
8/13/1999 20:46:00,Mesa,DE,Other,?,Long with two black lights at the end and a greenish purplele stripe in the midle.,7/16/2003
7/17/1999 0:00:00,North Bowers Beach,DE,Unknown,20 Min,A bright light the shot up in the sky and dissipeared for 3-5 min then came down about 20-30 miles away and made a cloud on the way up,8/10/1999
6/5/1999 15:00:00,Wilmington,DE,Egg,5 minutes,"In June 1999 a shiny silver egg shaped craft was seen in North Wilmington, DE",11/26/2003
6/5/1999 2:50:00,Interstate (I-295 ??),DE,Unknown,,Very similar to Phoenix lights incident 1997,5/20/2016
6/1/1999 22:00:00,Townsend,DE,Unknown,2 mins,Object with 6-7 lights that flew slow and quiet about 40 feet above the ground,10/30/2006
6/1/1999 22:00:00,Middletown,DE,Triangle,20 seconds,"Triangular object, surrounded by very dim lights, moving fast and low. Very hot and silent.",1/19/2005
6/1/1999 19:00:00,Milford,DE,Fireball,15-30 seconds,"Me and my buddy were driving south from up north DE, we werw approximately in Milford almost to Lewes and as we were driving I being in",7/7/2017
4/14/1999 20:25:00,Milford/Milton (between; heading parallel to Rout..),DE,Circle,2 to 3 seconds,"As I was driving, I think I saw what appeared to be a fireball or bolide meteor with a long tail. I previously thought it landed close",4/26/1999
2/27/1999 18:00:00,Dagsboro,DE,Light,10 minutes,"light 30 degrees N. N.E. size of quarter at arms length. erratic brilliant, like aircraft landing lights . light appeared as intelligen",12/2/2000
1/10/1999 19:00:00,Newark,DE,Fireball,1.5 sec,Quickly moving bluish/green light w/ tail. Meteor?,4/2/1999
6/20/1998 2:00:00,Dover,DE,Rectangle,30 seconds,"In the Summer on 98 Myself and 2 friends were on our way to q shore house on the Indian River in Delaware, I was driving Interstate 95",6/23/2004
6/1/1998 9:30:00,Wilmington,DE,Oval,35868,"2 whitnesses see flying oval blinking uncontrollably, fliping several times in the sky and then suddenly dissapearing in a bright orang",8/16/2002
1/15/1997 18:00:00,Millsboro,DE,Triangle,appx. 2 hours,4 lights in square formation in sky and small triangular craft seen at close range,3/21/2003
4/17/1995 19:00:00,Milton,DE,Disk,4 hours,over DE bay flickering lights moving over DE shore/ New Jersey shore .warm air temp. for April/sky colors,5/24/2005
7/15/1994 14:00:00,Rehoboth Beach,DE,Sphere,1 minute,"Sphear, white with concave and convex ""windows"" daylight with binoculars",8/16/2002
7/15/1993 21:15:00,Magnolia,DE,Circle,10-15 minutes,Saucer-like object seen just south of Dover AFB.,2/14/2006
6/21/1993 0:00:00,Dover,DE,Teardrop,1 hour,it had a neon pink bottom and lime green lights on the bottom.,1/21/2008
6/20/1991 20:00:00,Dover (near),DE,Triangle,3-4 hours,1991 dover delaware. triangular craft,9/2/2005
11/12/1990 23:30:00,Stanton,DE,Light,30 sec,"TWO FRIENDS AND I WERE IN OUR HOT TUB WHEN WE VIEWED WHAT SEEMED TO BE ONE VERY LARGE PLANE IN THE SKY.SUDDENLY, THE FOUR TO FIVE LIGHT",9/28/2002
9/7/1990 22:00:00,Dover (south of Dover AFB),DE,Triangle,0.04166666667,Evening sighting of UFO at two different locations.,3/16/2000
9/1/1990 6:30:00,Dover,DE,Circle,15 MINUTES,"AS I WAS SITTING IN MY CAR WAITING FOR MY COWORKERS TO ARRIVE AT OUR CONSTRUCTION SITE, I NOTICED A LIGHT IN THE DISTANCE THAT SEEM TO",5/24/1999
6/1/1990 12:00:00,Greenville,DE,Disk,30 seconds,White disc makes sharp turns and then shoots up as fast as lightning.,1/10/2014
12/23/1989 20:00:00,Hockessin,DE,Sphere,5 mins,We all know we saw the same circular glowing object that night,9/2/2005
9/30/1988 21:00:00,New Castle,DE,Triangle,30 seconds,Silent and hovering.,7/22/2013
10/15/1984 8:15:00,New Castle,DE,Other,3-5 minutes,Oct 1984 at 8:15 am small translucent half dome shaped object,8/7/2011
6/30/1984 20:00:00,Seaford,DE,Sphere,10 minutes,Me and a friend were night fishing in a pond in Seaford del.First we heard a sound coming from somewhere on the other side of trees.,10/11/2016
7/4/1982 0:00:00,Wilmington,DE,Other,30 seconds,"I had almost instantly, as I looked up, noticed an odd shaped craft merge out of the clouds and be flying directly over my head.",1/5/2016
11/21/1981 21:30:00,Delmar,DE,Light,5 minutes,My sister and I witnessed six bright red lights shooting green lights up at six blue lights that were positioned directly above.e,9/9/2003
2/2/1980 20:30:00,Georgetown,DE,Triangle,20 minutes,UFO at Vo-Tech Center comes calling again,9/2/2005
11/1/1976 21:30:00,Wilmington,DE,Disk,2 minutes,Silent hovercraft 35-50 feet above ground with searchlights beaming down on houses makes a 90 degree turn and vanishes.,2/18/2013
7/21/1974 21:00:00,Newark,DE,Disk,15 minutes,This was not a far away light but a real flying sauser hovering directly above me.,1/10/2009
7/4/1972 21:00:00,Rehobeth Beach (near),DE,Disk,10 minutes,"Hovering 25' up, middle section rotating clockwise and containing red, yellow and (green?) lighted sections, shot away fast, no sound.",5/15/2013
5/30/1972 17:00:00,Wilmington,DE,Other,?,"1972 Gigantic incandescent object hovering over Concord Mall - stopped cars - deafening silence, lost time.",10/30/2006
5/1/1972 18:30:00,Port Penn,DE,Unknown,5 min,silver blue steaking object zips into center of starlight sky,3/16/2001
10/15/1969 18:30:00,Wilmington,DE,Circle,1 minute,"Moon sized object ""grew"" to fill entire sky, then disappeared",1/5/2011
8/15/1968 13:00:00,Cannon,DE,Oval,30 MINUTES,ONE OVAL DARK GRAY OBJECT THAT HOVERED ABOVE IN THE SKY.,11/21/2010
7/1/1967 22:00:00,Greenville,DE,Disk,12 minutes,"1967 16 year old boy and date see UFO close up in Greenville, Delaware.",7/27/2017
8/9/1966 0:00:00,Newcastle,DE,Unknown,,"((HOAX??)) I was in bed and i would hear something, then gone this went on for years.",8/7/2007
7/1/1966 0:30:00,Dover,DE,Disk,5 minutes,"In the region within an hour of Dover AFB, Delaware",12/23/2002
9/30/1964 0:00:00,Wilmington,DE,Unknown,5 to 10 sec.,I thought it was a star....until it MOVED....three times!,1/22/2004
6/15/1954 11:45:00,Claymont,DE,Disk,10 secs,"It was just before noon on a warm sunny June day, I was 16 yrs old. Riding in the car with my brother-inlaw driving, my sister riding",11/8/2003