Date / Time,City,State,Shape,Duration,Summary,Posted
9/26/2017 20:45:00,Cranston,RI,Circle,45 seconds,red slow moving object in W sky. moved slowly. red glow slowly deminished until gone. ((anonymous report)),9/28/2017
9/13/2017 14:00:00,Charlestown,RI,Other,10 seconds,"Odd 'jet liners,' with bright lights fade into thin air.",9/14/2017
9/2/2017 2:13:00,Greenville,RI,Light,1-2 minutes,2 crafts in the sky with lights like a strobe flying around and above and below each other.,9/5/2017
8/25/2017 9:38:00,Pawtucket,RI,Light,10 seconds,Staring at this bright flickering star in the sky; behind the star appeared a slightly smaller brightly lit orb. ((anonymous report)),9/5/2017
8/17/2017 21:02:00,Smithfield,RI,Light,30-45 seconds,2 circle shape lights almost like strobe lights moving around one another. As soon as I got my phone out to video it was almost like t,8/24/2017
8/16/2017 22:00:00,Warwick,RI,Other,2/3 minutes,"A triangle/square object with 3 huge lights at front, sat in place and hovered for a few moments, and then changed direction from N.",8/17/2017
8/16/2017 10:00:00,Coventry,RI,Other,2/3 minutes,"Heading south on 95 saw 3 huge lights in a row in the sky, heading towards us n then hovers for a bit n then moved NWt with turning.",8/24/2017
8/10/2017 22:30:00,Narraganssett,RI,Formation,1 minute,"Sighted Thursday, August 10th, about 9:30 PM near Port Judith lighthouse, 4 bright lights spread very far apart, reddish in color.",8/17/2017
8/3/2017 21:30:00,West Warwick,RI,Unknown,45 minutes,Jet-like roaring craft over Rhode Island...no true explanation from media.,8/11/2017
7/27/2017 20:55:00,Warwick,RI,Disk,3 minutes,"saw disk like object circling around area for about couple minutes , i thought i was a plain but when it came into view it looked like",8/4/2017
7/26/2017 21:35:00,South Kingstown,RI,Light,10 seconds,Extremely bright light hanging motionless 1000 ft up.,7/27/2017
7/20/2017 4:35:00,Cumberland,RI,Flash,4 seconds,"There were a total of 4 flashes each 1 second apart, the sighting lasted only 4 seconds.",7/23/2017
6/24/2017 3:15:00,South Kingstown,RI,Light,4 seconds,Bright white light slowly and briefly travels part of the night sky.,7/7/2017
4/18/2017 22:00:00,Warren,RI,Triangle,30 seconds,"Triangular moving quickly over Warren, RI, and turned around when it was spotted.",4/28/2017
4/18/2017 22:00:00,Warren,RI,Triangle,30 seconds,((HOAX??)) Triangular moving quickly over Warren RI and turned around when it was spotted.,4/20/2017
4/10/2017 19:15:00,South Kingstown,RI,Light,2 minutes,Star-like object moves slowly across the sky until changing shape and fading out.,4/13/2017
4/8/2017 22:00:00,Providence,RI,Disk,3:00,"White disk that moved, dimmed, and flashed green and red lights, until disappearing.",4/13/2017
4/2/2017 22:00:00,Middletown,RI,Light,7-8 seconds,Two dim circular lights following one another about 100 feet above the tree line. Moving faster than an airplane.,4/7/2017
3/25/2017 22:15:00,Newport,RI,Circle,15 seconds,"Bright orange ball, in western sky. Then disappeared. Near Orion's belt.",4/7/2017
3/20/2017 21:30:00,Cranston,RI,Light,7-8 seconds,Two lights moving faster than an airplane. ((anonymous report)),3/23/2017
1/13/2017 6:15:00,Rumford,RI,Light,10 seconds,"1/13/17, 6:15 AM, 3 extremely bright &quot; stars&quot; that appeared, shone with a bright flash, and blinked off, east of the Big Dipp",1/19/2017
1/1/2017 17:45:00,Rumford,RI,Other,Continuous,Large star-like object with pointed spikes like green light-sabers that come and go. To L of moon. ((NUFORC Note: Venus? PD)),1/6/2017
12/30/2016 2:39:00,Providence,RI,Light,10 minutes,About 2:40 am and looked up in the sky and rite above my house was 10/12 what looked like stars. ((anonymous report)),1/6/2017
12/24/2016 16:45:00,Providence,RI,Circle,15 seconds,"A very large, dim, milky-white, round object, resembling a full moon, situated next to and on the left side of the sun.",12/30/2016
11/28/2016 18:00:00,Seekonk (general area),RI,Circle,3-4 seconds,"White circular shaped object flying about 300 feet, traveling more than 200 MPH!",12/5/2016
11/5/2016 19:35:00,Charlestown,RI,Light,30 seconds,Basketball size yellowish light crosses my field of vision near rural road intersecion.,11/11/2016
10/16/2016 19:35:00,South Kingstown,RI,Light,4 minutes,"Very bright, non-blinking, bluish-white, soundless, light travels slowly NW to SE in clear night sky then fades out to nothing.",10/21/2016
9/26/2016 23:26:00,Providence,RI,Unknown,3 seconds,"Extremely fast (hypersonic+) aircraft (UFO) captured on Live TV over Providence, RI....Please Help me ID this thing.",9/30/2016
9/22/2016 19:00:00,Woonsocket,RI,Circle,30 seconds,Red flashing object.,9/30/2016
9/7/2016 9:23:00,Portsmouth,RI,Fireball,2 minutes,A strange bright red light much bigger than a plane or satalite lit up hugely and bright then just dissapred into the night. It looked,9/9/2016
9/3/2016 21:30:00,Smithfield,RI,Light,Few seconds,Four to five glowing red lights slowly moving south while maintaining a triangle formation.,9/9/2016
8/23/2016 21:30:00,East Providence,RI,Light,2 minutes,"For ~2 mins., a low lying bright amber covered light hovered in the sky and disappeared without moving and in the area of a/c.",8/25/2016
8/16/2016 5:30:00,Providence,RI,Circle,10 minute,"Red circular object moving quickly, then stops and hovers over Providence, RI, changes colors and then disappears.",8/19/2016
8/16/2016 5:30:00,Providence,RI,Circle,5 minutes,"Red orb moving quickly, then stops multiple times over Providence, RI.",8/16/2016
8/12/2016 1:00:00,Lincoln,RI,Triangle,20 minutes,Observed Bizarre UFO Hovering over Trees-Lake- & then Flew right over our head while watching the meteor shower.,8/16/2016
8/11/2016 23:00:00,Woonsocket,RI,Changing,25 minutes,I have had more then 20 sightings for the past year.This sighting that occured was the most frightening.I was looking out of my window,8/16/2016
8/11/2016 22:00:00,North Providence,RI,Light,10 seconds,A bright light moving zig-zag formation. Not like a satellite or airplane that moves straight. Then disappeared. ((anonymous report)),8/16/2016
7/25/2016 17:30:00,Providence (Olneyville),RI,Other,2 minutes,"Walked out with dog and observed a dark craft overhead. No lights. Thought it could be a drone, but too large.",8/2/2016
7/24/2016 12:20:00,Galilee,RI,Light,Seconds,"E of Galilee we saw this orange colored light low in the sky it went to the R, then L, then R, then straight away.((anonynous report))",8/2/2016
7/23/2016 17:54:00,Bristol,RI,Rectangle,3 minutes,Bright reflective yellowish rectangular object larger than a plane.,8/2/2016
7/21/2016 10:30:00,South Kingstown,RI,Unknown,10 minutes,"Sickly, sweet smell permeates the air with no discernible cause. My dog's barking was an alert.",7/22/2016
7/5/2016 21:46:00,Portsmouth,RI,Diamond,continuous,"At least 4 kite-shaped bright, stationary objects over Portsmouth, RI.",7/8/2016
7/3/2016 22:15:00,Cranston,RI,Oval,15 minutes,"Four bright orange orbs drifted in the Eastern sky over Cranston,RI at 10:15 pm on July 3rd.",7/8/2016
7/2/2016 22:15:00,Warwick,RI,Circle,10 minutes,Red spherical light with green moving light and no white light.,7/8/2016
6/25/2016 21:23:00,Cranston,RI,Cylinder,5 minutes,Orange fiery cylinder traveling slowly across the night sky. ((anonymous report)) ((NUFORC Note: Possible airliner in Sun? PD)),7/8/2016
6/22/2016 22:00:00,Riverside,RI,Circle,3 minutes,I saw a small red lighted ball in the clear night sky for approximately 3 minutes. I was able to take 3 photos of it. No sound.,1/6/2017
6/11/2016 1:00:00,Cranston,RI,Light,15 minutes,"Nine bright orange orbs drifted over Cranston, RI.",6/16/2016
6/1/2016 0:52:00,West Greenwich,RI,Light,2 minutes,"Bright light in sky seen by two sisters over East Greenwich, RI",6/1/2016
4/28/2016 22:00:00,Woonsocket,RI,Oval,Few seconds,Unexplainable logic in what I saw.,4/29/2016
4/27/2016 14:45:00,South Kingstown,RI,Unknown,2 minutes,"Small, gold spinning star-like object above electrical wires",4/29/2016
4/15/2016 15:35:00,South Kingston,RI,Rectangle,5 minutes,Orb Jane rectangLe craft in sky.,4/22/2016
3/11/2016 0:35:00,East Greenwich,RI,Disk,15 minutes,"I followed a bright orange light as I was driving, it started veering off behind a neighborhood and looked as if it was landing.",3/18/2016
3/6/2016 17:00:00,North Providence,RI,Disk,45 seconds,2 bright metallic disc objects with a dark underside were flying in unison in a circular pattern high in the sky at 5:00 pm.,3/11/2016
3/2/2016 23:00:00,Lincoln,RI,Light,10 seconds,Waiting in a empty parking lot with my freind in his car I observed a blue and white light appear out of pitch black sky and completely,3/4/2016
1/10/2016 22:30:00,Ocala,RI,Diamond,2-3 minutes,"I walk my dogs every night about 10:30 or 11:00. A COUPLE MONTHS AGO i spotted two diamond shaped objects in the West,NorthWest sky.Abo",2/11/2016
12/24/2015 23:00:00,Cranston,RI,Oval,3 minutes,"As soon as I exit the Walgreens on Broad. St My attention is immediately captured by a very bright, very low hovering light. The light",1/8/2016
11/27/2015 20:40:00,Middletown,RI,Teardrop,1 minute,"Looking out my patio sliding glass door in a southerly direction, I saw three oblong, football shaped objects slowly flying NE.",1/5/2016
11/26/2015 18:00:00,Woonsocket,RI,Rectangle,4-5 seconds,Green falling fireball.,12/3/2015
11/21/2015 16:20:00,Tiverton,RI,Circle,5 minutes,Different color flashing object seen from RT 24,11/26/2015
11/18/2015 16:00:00,Hope Valley,RI,Other,30 seconds,Dome shaped object.,12/3/2015
11/17/2015 20:00:00,Warwick,RI,Light,5 minutes,((HOAX?? Date is flawed; contact information defective.)) saw a round ball of light moving slowly then disappeared,3/24/2016
11/5/2015 16:30:00,Tiverton,RI,Fireball,45 minutes,"5 oblong shaped fireballs seen in the sky over Tiverton, Middletown, RI 11-5-2015.",11/6/2015
11/4/2015 9:02:00,North Smithfield,RI,Other,35-50 seconds,"Watching 2 sets of lights in sky when the 1st set flashed, became one single light & shot straight to the ground.",11/6/2015
11/2/2015 23:15:00,North Kingstown,RI,Other,10 minutes,"Sphere shaped object with red striped lights in back and white lights Flashing around the sphere;,flying towards Quonset.",11/6/2015
10/16/2015 20:00:00,Cumberland,RI,Light,3-4 seconds,"I saw a bright light off in the distance in MA, to my right, come out of nowhere from the sky and shoot down toward earth at an extreme",10/29/2015
10/10/2015 20:00:00,Warwick,RI,Unknown,2-3 minutes,We saw two slow moving triangle formations.,10/16/2015
10/10/2015 15:45:00,North Smithfield,RI,Sphere,40-60 seconds,"Walked outside to garage, immediately caught my eye sphere shape. Thought it was balloons at 1st because the way Sun was hitting it. Wa",10/16/2015
10/6/2015 20:00:00,East Providence,RI,Light,2-3 seconds,Fast green light.,11/12/2015
9/28/2015 17:00:00,Smithfield,RI,Rectangle,30 seconds,"Driving home from work, I saw a very large craft, clear as day. It looked like it was put together by leggo blocks. It had no wings.",9/29/2015
9/27/2015 22:00:00,Narragansett,RI,Teardrop,2-3 minutes,"Gold, teardrop, lunar eclipse, 9/27/2015, Narragansett, RI.",10/2/2015
9/27/2015 21:30:00,Narragansett,RI,Sphere,2-3 minutes,"Gold Orb Sphere Lunar Eclipse Narragansett, RI.",9/29/2015
9/26/2015 21:50:00,Pawtucket,RI,Formation,20 min,Orange lights ufo seen In Rhode Island.,9/29/2015
9/26/2015 21:35:00,Pawtucket,RI,Formation,15 minutes,"Series of yellow orbs w/red outer glows moved from N. to W. in single file, dimmed to red, then fizzled out sequentially.",10/2/2015
9/19/2015 18:15:00,Block Island,RI,Circle,10-15 seconds,"While swimming, we witnessed a pink circular craft float across sky and drop down into the ocean.",9/25/2015
9/14/2015 23:45:00,North Providence,RI,Circle,3 seconds,Bright light moving very fast in a pointed direction across the sky.,9/17/2015
9/12/2015 0:00:00,Warwick,RI,Light,10 minutes,2 lights in the sky disappeared and came back super bright before vanishing,9/17/2015
9/11/2015 18:45:00,East Providence,RI,Formation,2 minute,"3 shimmering, constant yellow lights moving across the sky changing configuration as they flew. One broke off left and up and flew out",9/17/2015
9/11/2015 18:30:00,Westerly,RI,Other,10 minutes,"Hundreds of thousands of tiny white, shimmery dots converging into clusters and going up into the sky. Lasted about 10 minutes.",9/17/2015
9/9/2015 18:30:00,Middletown,RI,Cylinder,10 seconds,Silver cylinder shaped object moving super fast from north to south followed by another identical object a minute or so after the first,9/11/2015
9/8/2015 10:00:00,Providence,RI,Disk,10 minutes,Saw a disc shaped ufo with a green glow with green and red flashing lights hovering slowly over the Providence River Bay area,9/11/2015
9/5/2015 23:00:00,Warwick,RI,Changing,4 hours,Every night I see a bright light star shape thing move across the sky. But last night was different. This one I watched for 4 hours.,9/11/2015
8/25/2015 21:00:00,Woonsocket,RI,Diamond,2 minutes,Flying low no sound lights flash in a diamond shape.moved from side to side then hoverd for a minute then took off,8/27/2015
8/11/2015 6:05:00,Cumberland,RI,Light,25 seconds,"Morning UFO over Cumberland, RI.",8/13/2015
8/8/2015 1:15:00,Groton Long Point,RI,Circle,20 minutes,"Bright lime a star, small, moved fast then hovered.",8/13/2015
8/2/2015 18:40:00,Warwick,RI,Sphere,10 seconds,"Bright reddish/orange self-illuminated sphere rising up from Warwick Pond in Warwick, Rhode Island.",8/6/2015
7/29/2015 21:00:00,Bristol,RI,Sphere,30 seconds,Three purple/red objects with strobe traveling SE to ENE.,7/31/2015
7/25/2015 0:48:00,East Providence,RI,Fireball,3 minutes,"Red and blue light UFO over Cranston, Rhode Island, landing vertically in Narragansett Bay.",7/31/2015
7/17/2015 0:00:00,Exeter,RI,Circle,5 minutes,((HOAX??)) A blue orb went down the street-a few minutes later it was seen flying past a house window.,7/22/2016
7/12/2015 22:00:00,Narragansett,RI,Fireball,5-10 minutes,"Extremely bright reddish orange pod/egg-shaped obj. moving NE over Narragansett Bay near Ocean Rd; followed coast, then E.",7/17/2015
7/4/2015 22:00:00,Johnston,RI,Fireball,20 minutes,"10-12 single line formation yellowish/orange spheres flying overhead into the clouds, then disappearing one by one.",7/10/2015
7/4/2015 21:00:00,Providence,RI,Formation,5-7 minutes,8 disc shaped crafts w/4 or 5 orange lights...they made no noise whatsoever and they should have if they were produced on this planet.,7/6/2015
7/3/2015 21:30:00,Pawtucket,RI,Light,~30 minutes,Possible UFO or military aircraft above McCoy Stadium after the Pawtucket Red Sox - Scranton Willkes-Barre Rail Riders baseball game.,7/6/2015
6/26/2015 1:05:00,Coventry,RI,Other,20 seconds,"Driving down I-95 S, coming home from a friend's passing exit 6a I took a picture with my phone of the moon because it was eluminingat",7/3/2015
6/24/2015 9:46:00,Providence,RI,Light,5 minutes,I seen a bright blue light that seemed to get dim then glow red then started moving at a slow pace then 2 other pulsating lights coming,7/3/2015
6/5/2015 22:50:00,South Kingstown,RI,Light,2 seconds,"At the above time and date, a bright light, blueish-white, streaked overhead, going S to N. ((NUFORC Note: Possible meteor?? PD))",6/15/2015
6/5/2015 13:00:00,Providence,RI,Unknown,5 minutes,Multiple reflective objects high in the sky.,6/5/2015
6/4/2015 22:30:00,Tiverton,RI,Circle,1 hour,"Seven glowing lights appear in the sky and each disappear and reappear multiple times within about an hour in Tiverton, RI.",7/10/2015
5/30/2015 22:00:00,Providence,RI,Circle,10 seconds,I was outside talking to my father with my aunt and my little cousin I look to the right of me I thought it was firework coming in the,6/5/2015
5/30/2015 12:32:00,Riverside,RI,Formation,unknown,Something strange in the sky.,11/19/2015
5/1/2015 20:37:00,Pawtucket,RI,Light,30 seconds,"Extremely small light moving at a constant speed like an airplane, but extremely far in the skies.",5/8/2015
4/23/2015 0:00:00,Middletown,RI,Unknown,44 years known,Satellite Imagery of the course of 44 years.,4/23/2015
2/27/2015 3:50:00,South Kingstown,RI,Other,30 seconds,Small sparkling lights in the air/sky.,3/6/2015
1/2/2015 6:09:00,North Kingstown,RI,Light,30 seconds,2 separate sightings of medium brightness star lights traveling at high speed and great distance and making 90deg turns,1/7/2015
12/14/2014 4:33:00,Rumford,RI,Light,2 seconds,An apparent shooting star that had a U-shaped trajectory.,12/18/2014
12/12/2014 20:25:00,Pawtucket,RI,Oval,,4 oval shaped blue lights in the sky circling and in a pattern of coming all together. ((NUFORC Note: Advertising lights. PD)),12/18/2014
11/29/2014 19:45:00,North Providence,RI,Circle,60+ minutes,I was in my backyard and I saw 4 balls of light dancing together in the sky. ((NUFORC Note: Advertising lights?? PD)),12/5/2014
11/29/2014 5:15:00,Cumberland,RI,Circle,6 minutes,Leaving my house for coffee the noticed a ball of light extremely quiet no noise also big in size flying S the as 1 object.,12/5/2014
11/16/2014 18:15:00,Coventry,RI,Fireball,3 minutes,I was walking my dogs on this particular night and observed what looked like a plane taking off from Green Airport.,11/21/2014
10/31/2014 21:50:00,Charlestown,RI,Unknown,7 seconds,Heard a power down of an engine in the sky with no visible object and slight home power flicker,11/6/2014
10/27/2014 18:50:00,South Kingstown,RI,Fireball,5-10 minutes,Fireball going across the sky when trying to watch the initial Antares launch on 10/27/14,11/6/2014
10/25/2014 1:25:00,Pawtucket/Rumford,RI,Diamond,~60 minutes,Diamond shapes in the sky. Moving side to side. Blinking/flashing at each other. Almost dancing with each other. Zig zagging across the,11/6/2014
10/21/2014 23:30:00,Pawtucket,RI,Unknown,2 minutes,Bright orange/red light filling room.,11/6/2014
10/14/2014 22:30:00,Hope,RI,Light,6 minutes,"Bright red stationary light, low in sky, never moves and inch, then disappears.",11/6/2014
10/9/2014 22:00:00,Kingston,RI,Fireball,1/2 hour,Fireballs all moving same direction.,10/10/2014
9/27/2014 21:00:00,Providence,RI,Fireball,3-5 minutes,"While walking in Providence, husband and wife and others view 3 orange orbs in the night sky",10/3/2014
8/26/2014 5:00:00,Warwick,RI,Cylinder,3 minutes,A very large circle of light. which dissipated.,8/31/2014
8/23/2014 21:25:00,South Kingston,RI,Fireball,2 minutes,Two fireballs traveling together.,8/29/2014
8/18/2014 22:30:00,Narragansett,RI,Fireball,10 minutes,"Orange flaming orb flying over Narragansett, RI, beach.",8/22/2014
8/17/2014 10:21:00,Johnston,RI,Oval,1 minute,Oval shaped craft with three big round bright lights!!,8/22/2014
8/4/2014 21:00:00,Jamestown,RI,Light,3-5 minutes,"Two red/orange plasma shapes, soundless, close range for 3 minu by two witnesses one following the other by about 60 secs then vanished",8/6/2015
7/28/2014 22:00:00,Johnston,RI,Light,7 minutes,Red sphere in sky.,8/1/2014
7/26/2014 21:10:00,Middletown,RI,Light,5 minutes,Two yellowish-orange lights flying in the sky and then vanished.,8/1/2014
7/24/2014 18:30:00,East Greenwich,RI,Oval,10 minutes,An unidententifiable vehicle at significant speed.,7/26/2014
7/12/2014 22:30:00,Warwick,RI,Circle,1 minute,10 objects moving in formation.,7/20/2014
7/7/2014 13:00:00,Westerly,RI,Egg,30-45 seconds,Dark cloud followed by 5-6 chrome egg shaped crafts,3/6/2015
7/6/2014 22:15:00,Johnston,RI,Sphere,3 minutes,Thee Orange Redished Spheres appeared from behind a row of pine trees.,7/11/2014
7/5/2014 21:00:00,Bristol,RI,Light,hour,Light flying across sky.,7/11/2014
6/21/2014 20:03:00,Woonsocket,RI,Sphere,1 1/2,"2 Orange balls that have came out of cloud and moved west slilently...Second time I seen,1 in front of me,above a home.",6/24/2014
6/7/2014 21:00:00,Pawtucket (Central Falls),RI,Triangle,3 hours,Seen at least 10 have a lot of pictures and videos it started at 9pm it's 11pm and still going a triangle shape Turning red and white a,6/13/2014
6/6/2014 23:00:00,Providence,RI,Triangle,3-4 minutes,"Objects flying over Providence, RI.",6/13/2014
6/6/2014 22:30:00,Providence,RI,Circle,10 minutes,Circular lights moving quickly and low in sky.,6/13/2014
6/3/2014 0:33:00,East Providence,RI,Light,5 seconds,"A light went in a ""Z"" pattern and disappeared.",6/4/2014
5/19/2014 8:30:00,Middletown,RI,Circle,5 minutes,Orange fireball flying at the speed of a low-flying plane heading south seen out my bedroom window by my son and I,6/4/2014
4/24/2014 10:00:00,Warren,RI,Cigar,3 minutes,"I was driving N into Warren in the mid-morning, and I saw 3 cigar shape crafts, with no wings. 2 ships heading East.",5/2/2014
3/20/2014 19:45:00,Harrisville,RI,Triangle,3,"Saw a triangle shaped object with lights that didn't move, then abruptly took off.",3/21/2014
3/18/2014 23:00:00,Providence/Johnston (between; traveling),RI,Sphere,"Unknown, seemed to stay","Large, red and spherical object ""hiding"" behind the moon at night.",3/21/2014
2/1/2014 15:25:00,South Kingstown,RI,Triangle,3 minutes,While out in my backyard with my dogs at above time I hear the unmistakeable 'jet-like' roar..EXTREMELY loud sound..of craft that have,2/7/2014
1/30/2014 17:30:00,West Greenwich,RI,Circle,1 minute,"Two hovering black disk's, no lights. Seen by 2 people and photographed",2/7/2014
1/18/2014 23:00:00,Pawtucket,RI,Triangle,3 minutes,Saw a triangle ufo hovering over the the street. Started to come straight towards us and then took a sharp turn to the right and flew a,1/24/2014
1/5/2014 18:45:00,East Providence,RI,Light,10 minutes,Orange lights formation speed fast low multiple ufo.,1/10/2014
12/28/2013 13:00:00,Providence,RI,Teardrop,15 minutes,White bright streak like teardrop shape in clear blue sky.,1/10/2014
12/25/2013 20:15:00,Woonsocket,RI,Fireball,3mins,3 orange fireballs.,1/10/2014
12/24/2013 17:45:00,Providence & Cranston,RI,Fireball,5 minutes,Fireball-like lights on Christmas Eve.,1/24/2014
11/29/2013 20:00:00,Coventry,RI,Sphere,1-1.5 seconds,Bright white light travels across the night sky and vanishes.,12/2/2013
11/29/2013 8:07:00,North Providence,RI,Fireball,4 seconds,"Bright, white, low object split second gone.",12/2/2013
11/24/2013 19:00:00,North Providence,RI,Light,2.5 hours,"Read above. ((NUFORC Note: We wonder whether the object might have been in the SW sky, therefore, Venus. PD))",12/2/2013
11/23/2013 17:30:00,Coventry,RI,Other,days,"A light over Rhode Island for more than 10 days. ((NUFORC Note: If the time is p.m., we suspect Venus. PD))",12/2/2013
11/16/2013 18:30:00,Jamestown,RI,Fireball,8 minutes,"When outside with our dog around 6:30 pm on Sat., Nov. 16th, I spotted a bright white orange light pulsating somewhat coming above the",11/20/2013
11/10/2013 22:51:00,Providence,RI,Rectangle,1 minutes,Was coming home from a friends house and before my exit i saw an unidentified flying object. it started out right out front my windshie,11/11/2013
11/2/2013 22:30:00,Wakefield,RI,Fireball,5 minutes,Silent flaming ball moving around 50 knots at 1500 feet altitude. Dead calm wind. Could see flames dancing.,11/11/2013
10/20/2013 19:42:00,Woonsocket,RI,Triangle,5 minutes,A flashing triangular object hovering in sky with white beaming lights and body changing color.,10/23/2013
10/9/2013 20:00:00,Woonsocket,RI,Light,2 minutes,Bright light.,10/14/2013
10/1/2013 12:40:00,Lincoln,RI,Light,4 seconds,Two white dots crossing paths around Lincoln and Providence RI.,10/3/2013
9/29/2013 18:00:00,Johnston,RI,Disk,90 seconds,4 objects seen in upper atmosphere maneuvering at high speed then up out of sight!,9/30/2013
9/25/2013 3:39:00,Hopkinton,RI,Light,45+,"I went to let my dogs out and have a smoke. The moon was bright, high above my yard and the sky was clear, I could see all of the stars",9/30/2013
9/22/2013 18:00:00,Warwick,RI,Circle,30 minutes,It looked like a star but moved in various directions.. that a plane could not do. we realized it was moving because it was between two,9/30/2013
9/19/2013 20:00:00,West Warwick,RI,Fireball,15 seconds,Bright orange fireball with 300 meter trail.,9/30/2013
9/10/2013 23:00:00,Warwick,RI,Formation,10 minutes,Silent orange lights in formation.,9/30/2013
9/7/2013 22:00:00,Coventry,RI,Circle,2 minutes,"Driving on the road the car in front of me pulled to the sholder, I looked up to the sky to see 5 circular shaped lights in a crescent.",9/9/2013
9/1/2013 1:30:00,North Providence,RI,Disk,5 seconds,Bright greenish blue circular disc object moving over head leaving a white trail behind it.,9/9/2013
8/17/2013 9:30:00,Cranston,RI,Light,30 minutes,"I pulled into work last night and realized my co worker, and a few people from the restaurant next to ours were staring at the sky. I g",8/30/2013
8/16/2013 20:15:00,Woonsocket,RI,Sphere,2 minutes,Orange orb moving in the sky silently.,3/6/2015
8/3/2013 22:40:00,Woonsocket,RI,Fireball,~3 minutes,A bright red circle/light/fireball in the sky that didn't blink and suddenly disappeared.,8/30/2013
8/2/2013 22:00:00,Charlestown,RI,Cylinder,30 seconds,White cylinder with orange flames hovering at rooftop height.,8/30/2013
7/27/2013 21:00:00,Pawtucket,RI,Circle,minutes,Round hovering objent with bright colored lights,8/30/2013
7/26/2013 20:00:00,Pawtucket,RI,Light,20 minutes,Light in sky above pawtucket ri,8/30/2013
7/23/2013 17:40:00,Providence,RI,Sphere,Unknown,UFO Stuck within a Storm Cloud,8/30/2013
7/4/2013 21:20:00,North Providence,RI,Fireball,5 minutes,Unknown red ball object in the sky near fireworks display.,4/3/2015
7/4/2013 20:00:00,North Providence,RI,Sphere,3 minutes,Red sphere at a Fireworks display in Rhode Island 2013,4/17/2015
6/18/2013 17:00:00,Woonsocket,RI,Diamond,1 minute,A UFO was sighted flying over a school in Woonsocket RI.,7/3/2013
4/18/2013 20:00:00,Exeter,RI,Diamond,30 seconds,"Two diamond shaped objects flying just above tree line, odd movement and light color",5/15/2013
3/30/2013 20:20:00,North Kingstown,RI,Unknown,10 minutes,"Two bright yellow/orange lights moving Northwest to Southeast over North Kingstown, RI",5/15/2013
3/17/2013 0:50:00,Cranston,RI,,20 minutes,Light blue disk over Cranston RI for 20 minutes. ((NUFORC Note: Possible advertising lights?? PD)),5/15/2013
3/9/2013 19:30:00,Providence,RI,Other,20 seconds,"Orangish glowing object soared at low altitude , followed by white shooting star streaking across sky for 3 seconds",5/15/2013
3/3/2013 21:00:00,Cranston,RI,Fireball,1 minute,"Orange ball of light hovering at a low altitude in cranston, vanishes then reappears seconds later in diff location",4/12/2013
2/5/2013 7:30:00,Providence,RI,Cigar,3:00,Bright light cigar shape hovering and disappearing.,2/18/2013
1/14/2013 17:00:00,Pascoag,RI,Light,2 minutes,"Glowing orange light larger than north star, located north, hovers and travels down past tree line.",10/3/2013
12/13/2012 17:00:00,North Providence,RI,Unknown,22:00,I Julian Smith witnessed and others mutiple ufos speeding faster then the fighter jet plans and all other objects near 100miles in eyes,12/20/2012
12/13/2012 8:18:00,,RI,Light,12 minutes,6 fast crarft appear then fly out of view.,12/20/2012
12/5/2012 17:00:00,Westerly,RI,Fireball,1/2 second,Intense yellowish white fireball with greenish tint.,12/20/2012
11/29/2012 20:00:00,Richmond,RI,Chevron,30 seconds,"Insanely large craft, wierd shape, purpleish blue, blue and white spotlights, very low over my car, flying slow.",12/20/2012
11/29/2012 16:25:00,Coventry,RI,Fireball,5 minutes,Fireball falling straight down.,12/20/2012
11/28/2012 17:45:00,North Smithfield,RI,Other,2 seconds,Super fast blue green object jets in sky and just disappears.,12/20/2012
11/21/2012 22:00:00,Newport,RI,Circle,1 minute,"Slow moving white light with red sphere rotating tightly around it, disappears into thin air.",12/20/2012
11/19/2012 18:00:00,Providence,RI,Teardrop,4-9 minutes,Around 6 am I saw something in the sky that looked like a silver teardrop.,12/20/2012
11/5/2012 17:23:00,South Kingstown,RI,Circle,~1 second,Large Fast Moving Blue/Green Circlular Object Flying Through The Sky In North East America,11/19/2012
11/5/2012 9:40:00,Cranston,RI,Sphere,1 minute,"3 spheres in Cranston, RI.",11/19/2012
11/1/2012 19:00:00,Coventry,RI,Light,15 minutes,Hope they land.,11/4/2012
10/29/2012 22:00:00,Woonsocket,RI,,flash of camera,"Alien? looking in a second story window. It's a strait drop beneath it, but there it is. ((NUFORC Note: We suspect an artifact. PD))",11/19/2012
10/29/2012 10:30:00,Woonsocket,RI,,seconds,Unusual alien in the window - non grey.,12/20/2012
10/21/2012 23:57:00,Cranston,RI,,90 seconds,Large orange ball over Rhode Island.,10/30/2012
10/18/2012 22:00:00,Rumford,RI,Light,30 minutes,"On 10/18/12 at 10:30 p.m. Two bright lights were seen in the eastern sky. At first they were stationary, but then they started moving b",10/30/2012
10/6/2012 0:40:00,Cranston,RI,,90 seconds,"I am a retired plychologist age 64. I sit out every night till about 2pm facing the south. I saw a large round orange ball, like a pu",10/30/2012
9/20/2012 1:30:00,Warwick,RI,Light,3 minutes,"I got up to let my dogs out at 1:30 AM on September 20, 2012. Standing out on my deck I noticed how clear the sky was. When I looked to",9/24/2012
8/22/2012 23:15:00,Block Island,RI,Fireball,3 minutes,Saw 5 fireballs some in V formation that went out one by one.,9/24/2012
8/17/2012 20:42:00,Warwick,RI,Circle,@30 seconds,"Circular Object (Fiery?) over Warwick, RI",8/19/2012
8/17/2012 11:25:00,Warwick (6 miles north of),RI,,,Object behind blimp,9/24/2012
8/5/2012 23:00:00,Coventry/Exeter,RI,Circle,3 minutes,"Flickering lights in RI skies on Aug. 5, 2012.",8/19/2012
8/4/2012 21:00:00,Pawtucket,RI,Cylinder,3 minutes,"Bright Red/Orange Light flying across sky weeving in and Out, Slowing down and Speeding up.",8/5/2012
7/25/2012 22:25:00,Cumberland,RI,Circle,,Lights flying in the sky,8/5/2012
7/10/2012 22:22:00,Coventry,RI,Fireball,15 seconds,"Orange balls, flying very fast, seen over Coventry",8/5/2012
7/7/2012 22:09:00,Newport,RI,Fireball,2 minutes,2 fireball objects changing to triangle objects pulsing orange light flying overhead at purgatory chasm in Newport.,8/5/2012
7/4/2012 23:00:00,Woonsocket,RI,Changing,5 mimutes,Heard a vibrating sound and looked out the 3rd floor window. Saw a rotating star tetrahedron. It lit up the sky like it was day. Moved,2/17/2017
7/1/2012 20:00:00,Newport,RI,Circle,10 minutes,I saw a red fire ball that I thought was a plane on fire coming down diagonally from the sky.it landed in the ocean at first beach in N,7/4/2012
6/30/2012 22:15:00,Riverside,RI,Circle,15 20 minutes,My kids were out side playing when one of them look up to the west and saw a lot of redish Orange orbs in the sky they ran the house to,7/4/2012
6/28/2012 3:09:00,Pawtucket,RI,Sphere,1 minute -5minutes,((HOAX??)) I had just finished watching a rerun of ghost hunters and i got on my laptop and as usual i go to google.,7/4/2012
6/14/2012 23:00:00,Cranston,RI,Fireball,1 minute,"2 fireballs, bright white interiors, bright red flaming edges, moved SW across the sky, then disappered one at a time.",6/20/2012
6/14/2012 23:00:00,Cranston,RI,Sphere,15 minutes,Bright spheres forming huge triangle.,12/20/2012
6/1/2012 12:30:00,Greenville,RI,Other,3 seconds,there was a loud boom and a flash of light,6/5/2012
5/24/2012 21:00:00,Narragansett,RI,Circle,2 hours,8 witnesses viewed 9 ufo's in the Rhode Island sky.,9/24/2012
5/19/2012 21:30:00,Woonsocket,RI,Light,3 minutes,"Large bright fire orange in color,a perfect globe of light",5/29/2012
5/12/2012 11:00:00,Riverside,RI,Circle,5 minutes,flying redish orange balls without tails flying down the street at a high rate of speed.,5/29/2012
5/12/2012 1:30:00,Kingston,RI,Light,5-6 seconds,Red star weaving back and forth across the sky,5/13/2012
3/20/2012 21:30:00,Pawtucket,RI,Light,60 seconds,An object producing a large bright orange glow could be seen in the clear night sky for about one minute. It seemed to hover over us in,5/13/2012
3/18/2012 20:00:00,Warwick,RI,Circle,10 mintues,Orange circular orbs in the sky.,5/13/2012
3/18/2012 19:15:00,Warwick,RI,Circle,3 minutes,A red circular fire that moved across the sky was seen by 5 people in RI.,5/13/2012
2/27/2012 22:20:00,Coventry,RI,Light,5/10 secs,BRIGHT WHITE LIGHT WITH A BLUE AURA MOVING EXTREMELY FAST,3/13/2012
2/27/2012 9:25:00,Coventry,RI,Fireball,seconds,"Flash was so bright it hurt my eyes like a camera flash to close, it lasted seconds and it was gone, looked like a fire ball yellow and",3/13/2012
2/21/2012 18:45:00,Ashaway,RI,Unknown,about 1 minute,Four or five chevron type craft flying at night.,3/13/2012
2/15/2012 23:35:00,South Kingstown,RI,Light,5 seconds,"At approximately this time, I let one of my dogs out into my large fenced and wooded backyard. The night was cold, clear, and many sta",3/13/2012
2/5/2012 14:00:00,Warwick/Coventry,RI,Other,8 minutes,Black bell kiowa sightings over 95,2/10/2012
1/15/2012 17:00:00,Smithfield,RI,Triangle,5 minutes,Triangular lighted shape in the sky around 5 pm,1/24/2012
1/8/2012 17:27:00,Westerly,RI,Fireball,5 min.,Four Reddish-orange fireballs-changed direction-disappeared.,3/13/2012
12/17/2011 20:00:00,North Scituate,RI,Light,5 min,I noticed 6 or 7 constant red/orange lights low on the horizon behind the trees.,1/12/2012
11/26/2011 9:00:00,Providence,RI,Unknown,1-2 hours,The object was extremely close to my car when driving and traveled at a high rate of speed when it was not idle.,12/12/2011
11/18/2011 20:00:00,Woonsocket,RI,Circle,5 seconds,"Moved faster that a plane but, much slower than a meteor.",12/12/2011
10/10/2011 14:30:00,North Kingstown,RI,Oval,40 sec,Bright oval object in sky,10/25/2011
9/17/2011 20:05:00,Johnston,RI,Sphere,1 minute,Orange Sphere in the night sky.,10/10/2011
9/17/2011 20:05:00,West Warwick,RI,Light,@ 5 min,"I saw 6 or 7 red lights slowly moving in the sky north of West Warwick, RI that were heading north",10/10/2011
9/12/2011 21:30:00,Providence,RI,Triangle,1 second,Fleeting triangular object following a meteor path,10/10/2011
9/3/2011 22:15:00,Narragansett,RI,Unknown,2 minutes,Newton Ave/ Hazard Rock area- Huge hovering object with light formations dissapeared.,10/10/2011
9/1/2011 2:30:00,West Greenwich,RI,Light,30 seconds,I awoke to find orbs of light floating outside my bedroom window,5/2/2014
7/9/2011 22:15:00,Mapillville,RI,Fireball,60 seconds,On 7-9-2001 i was driving home from a friends house in Mapillville Road Island . I was 1000 feet from my driveway. There was a clearing,7/17/2011
7/4/2011 22:00:00,Warwick,RI,Fireball,20 mins,Red lights in the sky on the 4th of july,7/6/2011
5/8/2011 23:00:00,Exeter,RI,Diamond,20min,A disbeliever firmly becomes a believer after spotting this thing in the sky.,5/29/2011
3/7/2011 18:50:00,Wakefield,RI,Formation,30-60 sec.,Two White Lights Fly Simultaneously WNW to EAST,3/10/2011
2/18/2011 19:40:00,North Kingston,RI,Flash,Seconds??,"Man sitting in car is bathed in light from three very bright flashes of light, in rapid sequence.",2/18/2011
1/25/2011 19:20:00,South Kingstown,RI,Unknown,10 minutes,Mystery 'jets' again over Rhode Island,1/31/2011
1/21/2011 17:11:00,Warwick,RI,Light,10 Seconds,"Blue ball of light arching in the sky in Warwick, Rhode Island",1/31/2011
1/16/2011 21:00:00,Pawtucket,RI,Circle,60 sec.,3 flying orange orbs.,1/31/2011
1/3/2011 21:40:00,Wakefield,RI,Disk,1.5 seconds,A large disc shaped craft entered my field of vision and disappeared before i could observe further details.,1/5/2011
11/2/2010 17:00:00,Coventry/West Greenwich,RI,Other,about 10 mins.,2 missile shaped objects in broad daylight. 95 SOUTH EXIT 7. They were moving extremely slow or not at all. Was not a plane.,11/21/2010
9/20/2010 0:00:00,Westerly,RI,Unknown,40 minutes,Low flying jet like sound followed by a long sighting of three color lighted object hovering.,11/21/2010
9/15/2010 22:45:00,East Greenwich,RI,Triangle,1 minute,Three bright white lights in a triangular shape - with a red pulsing light at the rear moving over highway - LOW,11/21/2010
8/14/2010 23:00:00,Providence,RI,Diamond,15 minutes,lights over providence,8/24/2010
7/27/2010 0:15:00,Cranston,RI,Other,20 minutes,"Pulsating white, red, geen light in the Western Sky of Rhode Island. ((NUFORC Note: Sighting of star. PD))",7/28/2010
7/15/2010 19:45:00,Newport,RI,Disk,3 to 4 minutes,Dark stationary object w/ no lights; some type of stat. undercarriage. ((NUFORC Note: Report from Air Traffic Controller. PD)),6/8/2012
7/11/2010 3:00:00,West Warwick,RI,Light,the past two days so far,several flying objects surrounding one bright light that moves in different directions. ((NUFORC Note: Jupiter in E sky?? PD)),7/19/2010
7/4/2010 23:30:00,Providence,RI,Unknown,1 minute,A bright light in the sky croosing the sky of Providence pulling with it small and big clouds with out sound.,8/5/2012
6/3/2010 14:00:00,Newport,RI,Disk,Unknown,UFO photo sighting,7/10/2010
5/24/2010 14:30:00,Charlestown,RI,Other,1 hour,Strange aircraft again over southern Rhode Island,6/3/2010
5/20/2010 11:00:00,South Kingstown,RI,Chevron,5 minutes,Odd chemtrail and jet formation over souther Rhode Island,6/3/2010
5/16/2010 9:40:00,South Kingstown,RI,Cylinder,30 seconds,"Stationary gray cylinder slowly accelerates, turns white, then opaque, and disappears.",6/3/2010
5/14/2010 4:30:00,Providence,RI,Other,2 seconds,"Star slides to left in sky, then Disappears",11/21/2010
4/10/2010 21:00:00,Warwick,RI,,,"this is not a sighting report but perhaps a clarification of an event that occured on the night of April 10, 2010 in which a UFO was re",5/12/2010
4/10/2010 0:00:00,Warwick,RI,Disk,10 minutes,bright light hovering over the warwick mall,4/13/2010
4/2/2010 20:45:00,Greenville,RI,Formation,5 minutes,orange lights over Greenville RI started in formation then disappeared from sky very weird,4/13/2010
3/16/2010 12:45:00,Westerly,RI,Circle,10,"Object flying along side an airplane disappeared into the clouds, emerged 5 minutes later and flew southwest.",4/13/2010
1/26/2010 11:00:00,South Kingstown,RI,Other,5 minutes,This morning at 11am I again heard the now familiar jet-like sound of an approaching craft. I went outside to see a low flying jet of,2/14/2010
1/21/2010 18:40:00,South Kingstown,RI,Cylinder,7 minutes,Jet-like objects again over southern Rhode Island,2/14/2010
1/20/2010 18:45:00,South Kingstown,RI,Chevron,10 minutes,Jet-like craft with loud noise and strange lights in over southern RI,2/14/2010
10/11/2009 19:00:00,North Smithfield,RI,Circle,10 to 15 seconds,I was watching the sky like I always do on a clear night because you can always see what appear to be stars riding along the night sky.,12/12/2009
10/1/2009 20:00:00,Providence,RI,Disk,5 minutes,"saucer with red and blue lights over providence, RI",12/12/2009
10/1/2009 8:00:00,Pawtucket,RI,Cylinder,10 minutes,"Hovered over Pawtucket, RI and had red flashing lights at the bottom",12/12/2009
9/25/2009 22:30:00,Wakefield,RI,Light,seconds,two lights moved horizontally then zig zaged very fast and shot out of sight.,12/12/2009
9/19/2009 20:23:00,North Kingstown,RI,Light,3 min,There was a bright bell shaped light in the sky. ((NUFORC Note: Missile launch. PD)),12/12/2009
9/19/2009 20:12:00,Cranston,RI,Cone,3 min,cone shaped hazy light pointed downward from sky. ((NUFORC Note: Missile launch. PD)),12/12/2009
9/19/2009 20:10:00,Wakefield,RI,Triangle,1minute,Bight ball of light in the sky trailed by a more diffuse morphing cloud of light. ((NUFORC Note: Missile launch. PD)),12/12/2009
9/19/2009 19:58:00,North Smithfield,RI,Sphere,>1 minute,I was looking up at the stars and all of the sudden a giant circle was right in front of my eyes. ((NUFORC Note: Missile launch. PD)),12/12/2009
9/19/2009 19:50:00,Providence,RI,Unknown,20 seconds,I ran across information that seems to explain the beams. ((NUFORC Note: Missile launch. PD)),12/12/2009
8/23/2009 3:00:00,Little Compton,RI,Fireball,3 mins,Strange orbs/lights seen above and around Warren Point during Hurricane Bill,12/12/2009
8/19/2009 22:00:00,Leeds (UK/England),RI,,2 minutes,controlled and deliberate manouvers,8/27/2009
8/8/2009 21:00:00,Middletown,RI,Fireball,0:05,~24 orange/red fireball shaped objects moving in pairs along common flight path before ascending and dissappering.,8/27/2009
8/1/2009 20:15:00,Warwick,RI,Sphere,15 sec,"oakland beach , green glowing illuminated object moving very fast east to west",8/27/2009
6/8/2009 3:00:00,Providence,RI,Teardrop,7 minutes,"UFO seen floating over providence, RI",6/9/2009
5/30/2009 17:00:00,Smithfield,RI,Chevron,10 min,Chevron shaped craft filmed in daylight.,6/9/2009
4/23/2009 19:10:00,Cranston,RI,Disk,1 minute,"Two Silver Objects diagonal from each other hovered, then jolted upwards, and vanished out of sight on a clear day.",5/12/2009
1/19/2009 14:21:00,Providence,RI,Formation,6 minutes 20 seconds,"Rhode Island, Providence, Nantucket, 19th January - formation flying craft of ther sky",3/19/2009
1/9/2009 21:00:00,Johnston,RI,Oval,5 mins,object did not move in normal manner,3/19/2009
12/5/2008 7:30:00,Tiverton,RI,Cylinder,5-6 seconds,Brilliantly lighted cylindrical object seen in northern sky moved at a high rate of speed and vanished.,3/19/2009
11/27/2008 6:00:00,Warwick,RI,Flash,1 second,Cloud like object streaks through sky at tremendous speed - for one second!,1/10/2009
10/31/2008 19:00:00,Wakefield,RI,Flash,1 second,"Bright, white flash",1/10/2009
10/8/2008 18:45:00,Wakefield,RI,Formation,3 min,2 sets of 5 or 6 red tumbling lights move steadily across southern sky.,1/10/2009
10/4/2008 23:15:00,Providence,RI,Oval,Approximately 1 minute,3 illuminated oval objects spotted flying closely together.,10/31/2008
10/1/2008 19:00:00,Warwick,RI,Circle,ten minutes,Myself and two of my friends were driving down the road to pick up my girlfriend when my friend in the passenger seat noticed two unide,1/5/2011
8/21/2008 14:00:00,Newport,RI,Disk,30sec,((HOAX)) flying saucer speeds by overhead while bystanders are appaled while the traind investigator me is not surprised.,10/31/2008
8/20/2008 20:30:00,Newport,RI,Cone,10mins,((HOAX??)) 4 cigar shaped craft hovering over newport,10/31/2008
7/15/2008 23:30:00,Johnston,RI,Triangle,20 sec,triangle over johnston with blue red and white lights,8/12/2008
7/12/2008 0:38:00,Cranston,RI,Light,approx. 12 minutes,See's light over Cranston,8/12/2008
7/11/2008 13:30:00,Riverside,RI,Circle,3 minutes,"Round white object spotted traveling faster than a conventional aircraft, no smoke trail/tail",8/12/2008
5/24/2008 5:10:00,Narragansett,RI,Circle,4-5 minutes,I saw this object just above the moon and slightly to the left and it changed from whitish to light bluish and back to whitish.((Star?),6/12/2008
4/17/2008 23:45:00,Cumberland,RI,Disk,15 Minutes,Unknown Object Acting Strangely In The Sky With No Sound To It At All,6/12/2008
3/31/2008 1:00:00,Newport,RI,Triangle,present,occuring right now,3/31/2008
2/21/2008 18:00:00,Providence,RI,Other,10 seconds,Object shaped like a backslash (\) zoomed across downtown Providence sky.,3/4/2008
1/7/2008 6:30:00,Cranston,RI,Circle,4minutes,round golden glowing orb with spike shaped projections,1/21/2008
1/3/2008 2:40:00,West Warwick,RI,Unknown,20 min.,Sighted three white to bluish lights that came to a stationary halt -watched for 15 min. & fell asleep.,1/21/2008
12/6/2007 19:55:00,West Warwick,RI,Circle,60 seconds,Me and my father's girlfriend were walking back form the store when what we seen what we though was an airplane flying extrmely close t,3/4/2008
11/25/2007 21:00:00,Wyoming,RI,Light,4,"craft blending in with the stars, visits Rhode Island",10/31/2008
11/6/2007 18:00:00,Providence,RI,Light,one minute,Elongated yellowish bar of light which pulsated as it travelled,11/28/2007
9/15/2007 19:35:00,Kingston,RI,Fireball,2 minutes,Pinkish Red Fireball Flash Sighting. ((NUFORC Note: Student report. PD)),11/28/2007
9/14/2007 5:35:00,Tiverton,RI,Circle,15 Minutes +,"Huge, bright light in morning sky. ((NUFORC Note: Sighting of Venus. PD))",10/8/2007
9/13/2007 21:00:00,Portsmouth,RI,Triangle,30 minutes,A triangluar craft with blinking lights seemed to be surveying the backroads of Portsmouth and Middletown before it flew away.,10/8/2007
8/24/2007 15:00:00,Charlestown,RI,Disk,one Min.,UFO darting football field length jumps before skingshoting away,10/31/2008
8/19/2007 23:30:00,Little Compton,RI,Triangle,15:00,"the object resonded to my flashlight,and flashed colored lights back",10/8/2007
8/19/2007 22:00:00,Cranston,RI,Light,2 min,"There were 2 lights in the southern sky, one following the other, then a 3rd light shot from one of them and headed towards the ground.",10/8/2007
7/6/2007 21:20:00,Lincoln,RI,Light,60 seconds,Quickly Growing White Light in Rhode Island,8/7/2007
6/7/2007 21:15:00,Narragansett,RI,Chevron,10 minutes,"Large, silent, low, gliding craft over the RI shoreline",6/12/2007
5/5/2007 13:00:00,South Kingstown,RI,Other,5 minutes,Unmarked helicopter,8/7/2007
4/29/2007 21:00:00,North Kingstown,RI,Triangle,5 min,"I live on Annaquatucket rd in NK, RI I was sitting in my room and i heard dogs barking and crying outside my open window. I got up to s",6/12/2007
2/8/2007 1:40:00,Lincoln,RI,Light,35 min,"2 large amber lights, 1 blinking light. Hovering & moving rapidly and erratically.",2/24/2007
12/15/2006 15:00:00,East Providence,RI,Circle,3 or 4 mins,Round flying object travelling slowly with lights around the bottom,2/24/2007
10/25/2006 23:50:00,Warwick,RI,Triangle,10 seconds,3 arrow shaped objects brown in color flying in a triangular formation moving very quickly.,10/30/2006
10/21/2006 0:00:00,North Kingstown,RI,Circle,4 seconds,"Flew 50 feet in air, one after another, came back towards us, and then went back into the opposite direction.",2/1/2007
10/20/2006 6:30:00,Providence,RI,Egg,less then a minute,eggs shape bottom glowing craft,10/30/2006
10/1/2006 18:30:00,West Greenwhich,RI,Disk,8 hours,"Saw Disc about 40 ft from me, helicopters came and picked it up.",2/1/2007
9/7/2006 1:30:00,Pawtucket,RI,Sphere,15 seconds,round ball like very bright,10/30/2006
7/17/2006 21:30:00,Newport,RI,Light,7 minutes,A bright orange light. Moved awkwardly up and down as it traveled across the sky...Like a fireball at one point then suddenly moves,10/30/2006
7/16/2006 22:00:00,Smithfield,RI,Triangle,15 minutes,Red and Green blinking aircrafts flying fast and low,10/30/2006
6/16/2006 22:00:00,Narragansett,RI,Light,15 minutes,Bright stationary amber light then fading out,7/16/2006
2/28/2006 19:45:00,South Kingstown,RI,Chevron,3 minutes,Huge chevron or triangular craft with two large white circular lights,3/11/2006
2/28/2006 19:45:00,Middletown,RI,Light,10 sec,Possible correlation to South Kingston sighting of 28 Feb,5/15/2006
2/21/2006 21:00:00,North Kingstown,RI,Other,? at least 1 minute,North Kingstown RI odd sighting,3/11/2006
1/19/2006 5:00:00,Wakefield,RI,Light,5:45,They appeared as stars and then they moved.,2/14/2006
1/13/2006 2:20:00,Providence,RI,Teardrop,Early Morning,It was being chased by a plane!,2/14/2006
1/12/2006 17:05:00,South Kingstown,RI,Light,7 seconds,Bright light fades to nothingness,2/14/2006
12/18/2005 16:00:00,Warwick,RI,Triangle,5 to 6 minutes,we were in our car when we saw a 2 object with lights the lights were red,2/14/2006
12/14/2005 23:00:00,Warwick,RI,Other,~1 hour,Large bright white UFO releasing smaller red/orange UFOs,4/7/2017
11/10/2005 19:15:00,Kingstown,RI,Light,5 sec,"a large light overhead going north,5 times the size of a planes'light, disapearing behind clou",12/16/2005
11/5/2005 23:00:00,Cranston,RI,Unknown,10 minutes,we were inside our house and heard several loud jet like sounds that would stop and then start up agan (exactly like the noises posted,11/8/2005
11/1/2005 23:00:00,Jamestown,RI,Light,2-3 minutes,Lights in the november sky,11/8/2005
10/2/2005 17:30:00,Providence,RI,Changing,5 minutes,White tear drop shaped object that was visible to the naked eye that I noticed after an aircraft flew overhead.,10/11/2005
9/12/2005 22:45:00,Cumberland,RI,Unknown,2 minutes,"In line strobe lights over Cumberland, RI",10/11/2005
7/4/2005 23:00:00,Warwick,RI,Circle,3 hours,Circles near Quonsett point-seen @ oakland beach Warwick Rhode island,7/13/2005
6/30/2005 0:00:00,Johnston,RI,Triangle,10 MINUTES,"((HOAX??)) As my friend and I were driving home late one night, I was staring out at the window gazing at the stars when I noticed one.",5/12/2010
6/5/2005 11:35:00,Lincoln,RI,Other,:20,"The spheres never moved, only changed colors then faded away.",6/20/2005
4/24/2005 19:45:00,Pawtucket,RI,Changing,<1 sec,Unidentified falling object/light,5/11/2005
4/14/2005 20:30:00,East Greenwich,RI,Triangle,1-2mins,"Triangular ship, stationary, black body, white lights on the three corners and a blinking red/white strobe dead center.",4/16/2005
3/13/2005 23:00:00,Cranston,RI,Triangle,2Minutes,At 11pm Est I was driving my girlfriend home on Phoenix Avenue toward the free way exit to travel 95 North. In the sky at first loo,5/11/2005
2/1/2005 20:30:00,Scituate,RI,Light,long,"Has anyone else in RI, CT or MA seen this?",2/8/2005
1/8/2005 0:15:00,Cumberland,RI,Triangle,0:10,"Triangular craft hovered for awhile, then shot off northward",1/11/2005
1/2/2005 20:00:00,Pawtucket,RI,Circle,~5 min,"sphere hummed overhead while flashing red and blue - slowly departed to the east, into South Attleboro / route 95",1/11/2005
12/13/2004 20:35:00,Exeter,RI,Light,less than a second,unusual light in sky,12/14/2004
12/2/2004 17:30:00,West Greenwich,RI,Triangle,1min30sec,My co-worker told me I should report this on this site. This is the first time I have seen this. Myself and my fiend just fininshed a d,12/3/2004
11/16/2004 21:00:00,Newport,RI,Triangle,4 min,11-16-04 On this night both the anniversary of my fathers death and the birth of my grandfather I had an intense UFO experience. While,10/30/2006
9/7/2004 4:45:00,Providence/Warwick,RI,Formation,18+minutes,Colorful lights seen over Providence/Warwick-did you see this? ((NUFORC Note: We suspect Venus. PD)),9/9/2004
9/1/2004 20:34:00,Providence,RI,Egg,2 Minutes,Two Oval/Egg shaped objects over Providence sky,9/9/2004
8/31/2004 21:00:00,North Kingstown,RI,Light,5 minutes,blurry bar of light in western sky ((NUFORC Note: Missile launch from Cape Canaveral. PD)),9/9/2004
8/26/2004 22:13:00,Westerly,RI,Triangle,1 minute,black triangle over chopper and house in RI,9/1/2004
8/16/2004 21:28:00,Scituate,RI,Light,5 minutes,"Light, moving up down and left to right ((Possibly Jupiter??))",8/24/2004
8/15/2004 3:30:00,Cranston,RI,Formation,20+ minutes,Saw a formation of crescent-shapped objects over suburban neighborhood.,3/31/2008
8/8/2004 23:00:00,Johnston,RI,Disk,2 minutes,ufo over rhodeisland the real deal .,2/14/2006
8/6/2004 3:45:00,Matunuck,RI,Light,30 minutes,"12-15 golden-white lights equally spaced, unmoving, about a mile from the shore out in the ocean",8/15/2014
7/15/2004 13:30:00,North Kingstown,RI,Other,1 minute,"object came down from clouds and moved around general area of my back yard, then went off in same manner it came in.",7/16/2006
7/3/2004 12:30:00,South Kingstown,RI,Cigar,2 seconds,Cigar shaped object flashes twice,7/25/2004
6/11/2004 1:50:00,Pawtucket,RI,Other,10 min,The aircraft was hovering in the sky and then another one came and got next to it and they jsut dissapeared,6/20/2005
3/15/2004 19:44:00,Harrisville,RI,Light,5 seconds,light shoots straight arcross sky in about 5 seconds,3/17/2004
3/15/2004 19:30:00,West Warwick,RI,Egg,appr 15 sec,IT WAS A CLEAR NIGHT AND A EGG SHAPED OBJECT WITH A LUMUNOUS GLOW BEHIND IT WENT HORIZONTALLY ACROSS THE SKY FROM WEST TO EAST,3/17/2004
2/16/2004 12:30:00,Interstate-95,RI,Light,2 min,Bright light in sky over CT,3/2/2004
1/20/2004 14:30:00,Cranston,RI,Unknown,1 hour,Loud noise like a jet engine that went off and on for an hour making strange sounds.,8/11/2004
1/18/2004 12:30:00,Glocester,RI,Teardrop,4-5 minutes,Small black object moving through woods.,1/22/2004
10/31/2003 22:00:00,Wakefield,RI,Triangle,2 minutes,Large triangular object flying fairly low over Route 1 in wakefield Rhode Island on Halloween. 4 large white lights.,11/8/2003
10/23/2003 10:15:00,South Kingstown,RI,Unknown,2 seconds,Loud explosion heard along southern Rhode Island coast.,10/31/2003
10/3/2003 12:50:00,Coventry,RI,Formation,1 minute,a triangle formation of crafts,10/7/2003
9/15/2003 22:30:00,North Kingstown,RI,Formation,5 secs,I watch for satelites and this night I saw what appeared to be 3 flying in an irregular triangle formation in the Northeast sky at abou,2/22/2005
8/21/2003 21:29:00,Atlantic Ocean,RI,Unknown,10 minutes,Ufo sighting 17 miles into the atlantic ocean,9/9/2003
8/17/2003 0:00:00,Narragansett,RI,Diamond,drive by,Diamond Shape object with a yellowish orange glow or aura around it.Pitch black,5/15/2013
7/19/2003 22:10:00,Scituate,RI,Oval,45-60 seconds,"while at Seagrave (Amateur Astronomy) Observatory on Peeptoad Road, Scituate,Rhode Island,noticed on the western horizon a turquoise br",7/23/2003
7/15/2003 0:30:00,"West Greenwich, East Greenwich, West Warwick, Warwick",RI,Disk,About 12-15 Minutes,Craft follows our car up the highway for at least 10 minutes then takes off when we change direction and speed abruptly.,4/27/2004
7/1/2003 22:00:00,coventry,RI,Changing,3 minutes,energy wings that took up the whole sky breaking into three small white lights and jetting off- no sound what so ever,10/30/2006
3/16/2003 21:00:00,Portsmouth,RI,Fireball,five minutes,Vary large glowing object with a red blinking light beneath the bright round yellow/orange glowing light,3/21/2003
12/24/2002 16:00:00,Providence,RI,Sphere,2 minutes,A cold winter evening. I was walking the dog through the woods when all of the sudden I saw 3 sphere like shapes floating about 10 yds,12/16/2005
11/28/2002 5:00:00,Cumberland,RI,Disk,35 minutes,Disk Shaped Revolving Lights in the Sky,12/23/2002
6/25/2002 22:00:00,Westerly,RI,Light,five minutes,traveling at fast speeds as high as the stars on a clear night then gone out of sight,7/26/2002
4/10/2002 9:00:00,Coventry,RI,Formation,0:37,It was scary!,4/25/2002
3/17/2002 20:30:00,Richmond,RI,Light,1 minute,A light followed me home and then dissapeared!,4/8/2002
2/9/2002 13:30:00,Barrington,RI,Fireball,5 sec,My wife and I were on the East Bay Bike Path near Barrrington RI where we had just stopped riding for a moment. I was looking down and,2/22/2002
11/11/2001 23:40:00,Cumberland,RI,Triangle,ongoing,On the evening of Nov 11th I was in my backyard with my dog and noticed how beautiful and clear the sky was. When I looked to my left,11/20/2001
9/6/2001 22:45:00,Lincoln,RI,Disk,2-3 minutes,The whole bottom was a bright white light and around the perimeter was a single strip of colored blinking lights.,10/12/2001
8/15/2001 2:30:00,Bristol,RI,Unknown,1 min,Dark shape with burnt orange glow near Bristol RI,3/11/2003
7/30/2001 22:00:00,Jamestown,RI,Light,5 minutes,"Object resembling airplane light blinked in random patterns, moved strangely, then very quickly for a sec., turned red and dissappeared",8/5/2001
7/29/2001 21:00:00,Interstate 95,RI,Triangle,5 minutes,Still triangle with 3 points of light,8/5/2001
7/15/2001 4:30:00,Smithfield,RI,Light,5 minutes,"First noticed what appeared to be a very brilliant star in the western sky, reddish colored, like the planet Mars might appear. After",8/5/2001
7/4/2001 21:10:00,Narragansett,RI,Rectangle,30 seconds,"AT dusk, while watching fireworks displays in the area, we were setting off a few fireworks on a cliff by the ocean shore. We observed",8/5/2001
3/20/2001 19:30:00,Portsmouth,RI,Chevron,30 seconds,Chevron shaped object seen in Rhode Island sky on night of Vernal Equinox.,4/1/2001
1/28/2001 9:30:00,East Providence,RI,Other,3 to 4 mins,"2 VERY BRIGHTLY lit craft were observed flying in clear, sunny skies, and one became stationary; both were at high altitude.",2/18/2001
1/17/2001 23:22:00,West Warwick,RI,Circle,4 min.,"Large, circular object with a ring of flashing red and white lights zigzag in night sky.",2/18/2001
10/8/2000 16:00:00,West Warwick,RI,Formation,15 Min,12 White Circles stationary in different formations for 10 to 15 min.,12/2/2000
9/1/2000 22:35:00,South County,RI,Other,,Black helicopter sightings over Southern Rhode Island.,12/2/2000
8/25/2000 21:05:00,Hopkinton,RI,Light,2min,Unexplained light,9/17/2000
7/14/2000 2:30:00,Pasquag,RI,Circle,2:40,it was 40 yards in diameter round had to bright white lights in the front and back to flashing lights on each side that randomly chang,7/23/2000
6/25/2000 2:25:00,Cranston,RI,Unknown,few minutes,((HOAX?? STUDENT REPORT)) Cranston ri UFO sighting in sports field at Cranston West High School.,3/23/2011
6/22/2000 21:30:00,"Providence (On the coastline, SSW of)",RI,Egg,five seconds,An egg shaped object passed in close proximity of my aircraft.,8/19/2000
3/31/2000 5:05:00,Charlestown,RI,Disk,10 minutes,Glowing orange shaped like an end view of airplane wing.,4/15/2000
3/23/2000 19:30:00,Providence,RI,Rectangle,20 TO 25 SEC,"On March 23, 2000 I was looking at the Big Dipper when one of the stars near the Big Dipper blinked then i saw dull orange lights comin",4/1/2000
2/28/2000 21:30:00,Charlestown,RI,Light,30 min.,"Light over submarine base, Groton, CT.",3/7/2000
8/16/1999 8:30:00,Woonsocket,RI,,,"Sighting Happened: Made front page headlines of the Woonsocket Call in Woonsocket Rhode Island. August 26, 1999 edition Article in news",8/30/1999
7/6/1999 0:00:00,Cranston,RI,Egg,10 seconds,A silvery egg-shaped craft is seen over a highway.,4/8/2002
5/6/1999 4:30:00,Cranston,RI,Egg,3 seconds,It flew over the highway,4/8/2002
2/20/1999 23:40:00,Hope Valley,RI,Triangle,10 minutes,Another sighting of the triangular craft with logo.,4/2/1999
2/15/1999 19:00:00,Hopkington,RI,Triangle,15 minutes,"At 1900 hours on the evening of 02Feb.1999, I spotted a triangular craft moving slowly and silently at about 100 feet. This was in the",4/2/1999
11/15/1998 21:00:00,Cranston,RI,Light,5 Seconds,i was in a car with my mother driving down phenix ave. i saw a bright orangish light in the sky i looked up and it was moving slowwly b,12/2/2000
10/15/1998 18:00:00,Warwick,RI,Other,5min,Bright flat object moved upwards and disapeared behind cloads.,11/1/1998
9/26/1998 0:00:00,Warwick,RI,Circle,3 hrs,"Heard on AM 630 WPRO art bell,ufos were spotted.Went out w/ portable radio saw a big bright light an what appeared to be a comet.",11/1/1998
9/22/1998 16:18:00,Portsmouth,RI,Egg,2 sec,Amber/gold rising from tree level 45 deg up. Fast and accelerating. Dissaperaed behind tree branch. Very bright.,9/26/1998
7/15/1998 15:00:00,Bristol,RI,Egg,4 min.,there was no heat allmost like it was floating but was all medal blow my mind.,8/30/2010
6/8/1998 21:00:00,Newport,RI,Light,25 minutes,"Clear night+high visability,2 yellow lights,even shading,no vertical movement,close proximatey,very long visual time",2/18/2001
4/1/1998 13:00:00,Providence,RI,Circle,4 Minutes,Mostly sunny sky very large stayed about 5 minutes,4/14/2009
1/29/1998 14:00:00,Coventry,RI,Disk,4-5 minutes,Shiny metal ship with row of blinking red lights. Classic saucer shape w/ dome.,1/28/1999
12/1/1997 0:00:00,Warwick,RI,Circle,1 hour,I was watching Deep Space Nine which airs at 12pm when a unusual bright object caught my eye I quickly got up and looked out my front w,6/2/1998
11/21/1997 17:00:00,North Kingstown,RI,Triangle,10sec or less,While driving at dusk my daughter and I noticed an airplaine flying up in the sky w/ it's lights on heading in an easternly dirtection,1/28/1999
1/29/1997 23:15:00,East Greenwich,RI,Disk,5 minutes,"I witnessed a UFO which may be of the Lazar""Sport Model"" variety when I was leaving work to drive home. The UFO was circular in shap",3/7/1998
1/23/1997 18:30:00,North Kingstown,RI,Triangle,3 minutes,"1/23/97: Huge black triangle w/ rearguard heli, sighted over deserted Rte.1A in RI, drifts overhead & out to Sea.",1/27/2005
1/1/1997 15:30:00,Johnston,RI,Rectangle,1 min,Cube haystack shape seen a between 1997-1998 (not sure of exact date)........,8/11/2004
6/29/1996 22:00:00,East Providence,RI,Light,45 min,Very bright white obj. changes shape from circle to oval. 1/3 apparent diam of moon at closest approach. Blinking lights at top.,11/2/1999
6/29/1996 21:00:00,East Providence,RI,light,1 hour and longer,A large white pulsating light,1/28/1999
6/1/1996 23:00:00,North Providence,RI,Sphere,16 seconds,((HOAX?? Obscene)) A life situation loke no other.,4/18/2014
6/1/1996 21:00:00,South Kingstown,RI,Disk,10 mins,Very very large disc 50 feet off the ground,12/12/2011
10/2/1995 10:15:00,N. Providence,RI,,3 min.,"Man witnesses ""small white dot, that came out of clouds."" Was slow-moving, white, w/ ""red on tail.""",11/2/1999
9/30/1995 13:30:00,N. Providence,RI,,,"Man reports seeing cluster of 3 objects ""like white balloons"" pacing airliner in N sky. Objs. disappear, return. Change color,shape.",11/2/1999
9/18/1995 18:40:00,N. Kingston,RI,,90 min.,"Young man from Univ. of RI calls to report seeing small dot in sky that ""does loop-dee-loops, blinks."" Had little tail behind it.",11/2/1999
6/18/1993 20:45:00,Block Island,RI,Other,1/2 hour,"Time loss and multiple objects seen on Island of coast of Rhode Island, USA.",2/18/2001
10/29/1990 20:45:00,Burlingame State Park,RI,Other,5-10 seconds,"Small airborne, manta-shaped object observed from a closest distance of ~15 feet for around 6 seconds by two reliable observers.",5/2/2003
8/20/1989 14:00:00,North Kingstown,RI,Light,2 1/2 hours,"Bright light, sunny afternoon sky, Aug. '89. Stationary for 2 hrs. plus, highly visible, eerie.",1/27/2005
12/24/1987 20:00:00,Exeter,RI,Rectangle,1 minute,"UFO seen Christmas Eve 1987. Made sudden ""L"" shape turn unlike any known aircraft.",2/4/2013
7/1/1983 18:00:00,Warwick,RI,Disk,15 minutes,"Large matalic disk shaped object hovoring over field, 30' from street, 20-25 feet off ground.",9/30/2013
10/15/1982 22:00:00,Narragansette,RI,Chevron,15 seconds,boomerang shaped object with 5 greenish lights growing in size and then turned and disappeared,3/19/2009
10/15/1982 19:30:00,Smithfield,RI,Circle,1 min,"lights were flashing and I thought to myself ""there are no towers here"".",11/3/2005
6/6/1982 1:00:00,Warwick,RI,Disk,2 minutes,Two orange/gold saucer shaped craft,12/7/2006
6/11/1981 18:00:00,Providence,RI,Diamond,30 min.,A sighting at a distance of 30 feet,10/27/2004
5/15/1979 1:00:00,Wordens Pond Road,RI,Disk,15 min,"A bright light appeared over the trees while driving home and changed colors soon after that,.",2/22/2002
4/12/1979 22:00:00,East Providence,RI,Chevron,60-70 seconds,V shaped (Chevron shaped ) Craft appeared to just clear the top of the Water Tower,4/9/2004
1/5/1978 0:00:00,Warwick,RI,Sphere,5 mins,"Warwick, Rhode Island Jan/Feb 1978 Red Orb",9/17/2000
1/19/1977 20:30:00,Coventry,RI,Triangle,2 minutes,"Huge wing craft - 1000 feet in width hovered over house, no noise or lights",8/12/2008
1/18/1977 17:45:00,Fall River/North Tiverton,RI,Oval,01/18/1977-01/25/1977,"ABOUT 150 FEET IN THE SKY WAS THIS MAGNIFICENT GLOWING WHITE OVAL SHAPED OBJECT BRIGHTER THAN A FLUORESCENT LIGHT, IT HOVERED.",8/7/2011
1/18/1977 17:45:00,Riverside,RI,Oval,10 days,"UFO EXPERIENCE (PHENOMENA) TUESDAY JANUARY 18, 1977",2/21/2014
8/15/1976 22:30:00,Weekapaug,RI,Formation,5 seconds,Three globular lights in a tight triangular formation passed east to west at low altitude,8/5/2001
7/12/1976 18:01:00,Warwick,RI,Cigar,30 min,"I saw a fast moving, brightly lit, huge object, within 25 ft of me for half an hour.",3/19/2009
5/1/1976 20:00:00,Coventry,RI,Formation,3min,red orbs 'dancing' around a central orb,6/18/2004
10/15/1975 17:00:00,Scituate,RI,Circle,10 minutes,Object with orange lights moves straight up in sky to nothingness.,12/16/2005
10/13/1975 16:30:00,Warwick,RI,Disk,20 minutes,Silent enormous disc shaped craft.,6/13/2014
7/22/1975 21:00:00,Cranston,RI,Light,20 min,religious connection,3/4/2008
1/24/1974 22:00:00,Pawtucket,RI,Disk,1 hour,R.I. sphere shaped object landed on flat top three door garage. 1974 .the beams still show cracks that developed from the weight,3/4/2003
1/24/1974 0:00:00,Pawtucket,RI,Disk,1 hour,I reported the UFO sighting in Pawtucket R.I.of 1974 that you have on your website.,12/12/2009
8/17/1971 22:15:00,Quonsett Pt. NAS,RI,Other,1 minute,"""Being"" spotted on Naval Air Station 1971",7/16/2006
8/15/1970 12:00:00,Newport,RI,Rectangle,several minutes,Craft hovering about a half-mile over my head,12/12/2009
6/15/1970 19:30:00,CT/RI border,RI,Circle,,"Back in 1969 or maybe 70, can't really remember the date, my wife and I were on our way to Rhode Island from Connecticut. We left in th",4/16/2005
11/8/1968 20:50:00,Exeter,RI,Triangle,5 minutes,Flying isoclese triangle with three lights.,9/30/2016
6/30/1967 19:00:00,Portmouth,RI,Disk,5 mins,Luminous disc shaped tilted object with aura/haze around it,10/30/2006
9/28/1966 20:00:00,Coventry,RI,Circle,Approx.20 mins,It was night and we all saw a hugh silver highly shiny circle craft not more than 100 feet away from us it was an incredible thing to,3/2/2004
7/2/1965 22:30:00,Narragansett,RI,Egg,15 sec.,Golden egg chased by navy fighters. THe egg got away. 1965 New England,4/27/2004
8/1/1964 20:00:00,Charlestown,RI,Light,3 seconds,"While camping at the Burlingame State Park, Charlestown, RI, in August of 1964, my friend, Tommy, and I were looking over the pond at t",2/16/1999
11/15/1958 22:30:00,Greenville,RI,Disk,ax. 10 min.,Five small disk or spherical-shaped objects merging with a large saucer-shaped object observed by three whitnesses in 1958.,4/16/2005
6/1/1956 1:00:00,Quonset Point,RI,Disk,20 minutes,Rows of saucer shaped lights touchng a beam of light from either side and rising straight up together.,4/3/2015
7/30/1952 15:00:00,Manville,RI,Sphere,10 seconds,Group of lights moving across sky during daylight hours.,6/12/2008
7/1/1944 20:00:00,South Kingstown,RI,Sphere,4 minutes,"This event was related to me tonight, 29 December 2008, by a carpenter who is working at my house here in South Kingstown, RI. After d",1/10/2009
09/0?/96 22:30,Wakefield,RI,Circle,15 min or so,"ball of light in sky. stayed hovering above the house, moved to trees. then vanished about 15 min later.",2/16/1999
12/30/1899 21:00:00,Cranston,RI,Circle,1-2 Hours,3 circles that were in a straight line of eachother O O O they were very bright,10/30/2006
1980 & NOW,Charlestown,RI,Disk,10 MINUTES MAX.,BOTH TIEMS OCCUR IN SPRING SUMMER MONTHS.,8/24/2010