Date / Time,City,State,Shape,Duration,Summary,Posted
7/26/2017 21:50:00,Buffalo,WY,Circle,2-3 minutes,My wife and I was laying in bed and watching the stars in the bighorn mountains at our cabin. All the sudden from the southwest of the,8/4/2017
7/17/2017 21:00:00,Cody,WY,Cylinder,30 seconds,"Craft heading Northeast at a high rate of speed. No sound; daylight out; must have been very big, and very fast.",7/23/2017
7/13/2017 4:00:00,Pinedale,WY,Sphere,,Star-like orb flashing colors in night sky.,7/23/2017
6/1/2017 11:00:00,Buford,WY,Sphere,15 seconds,"June 1, 2017 Veedauwoo Recreation area (6 miles west of Buford, Wyoming in the Medicine Bow National Forest) I was photographing a thic",7/23/2017
2/26/2017 20:06:00,Cody,WY,Fireball,4 seconds,I was driving my car to Walmart and as I went around the bend I spotted a green Fireball falling from the sky it appeared to be very cl,3/10/2017
2/19/2017 5:15:00,Elk Mountain,WY,Unknown,2 seconds,"I deliver mail for my job from salt lake city to denver and back again. Same route weekly, but this week was different. The sky was par",2/22/2017
2/18/2017 20:45:00,Buford,WY,Circle,15 minutes,"Heading westbound on I-25, light seen moving at speed, disappeared. ((NUFORC Note: We suspect a sighting of Venus. PD))",3/10/2017
2/18/2017 20:45:00,Buford,WY,Circle,15 minutes,"Huge, white lighted object seen from Buford, WY, moving at high speed and disappearing.",3/10/2017
1/1/2017 1:15:00,Cody,WY,Fireball,1-2 seconds,Very bright flash from south to north; disappeared long before north horizon.,1/6/2017
11/30/2016 21:00:00,Riverton (outside of),WY,Circle,15 minutes,Seen two circular objects south of residence looked like that were communicating with flashing lights for about ten minutes then one to,12/5/2016
10/19/2016 20:30:00,Rawlins,WY,Light,1.5 hours +,This object has been in the NE sky for over an hour and hasn't moved. ((NUFORC Note: Star?? PD)),10/21/2016
10/10/2016 1:20:00,Lovell,WY,Triangle,5 seconds,"Translucent looking triangle object, no sound.",10/11/2016
10/1/2016 19:30:00,Glenrock,WY,Disk,25 minutes,"Disc object southwest of Glenrock, Wy.",10/11/2016
10/1/2016 6:00:00,Recluse,WY,Light,1.5 hours,"A bright color changing light in night sky. Flying at high speed, in all directions. ((anonymous report)) ((NUFORC Note: Star? PD))",10/13/2016
9/10/2016 21:25:00,Cheyenne,WY,Other,1-2 minutes,"Taking a smoke break in front of my house, was watching a satellite traveling east to west, looked in south/south east direction and im",9/15/2016
9/4/2016 9:30:00,Buffalo,WY,Rectangle,30 seconds,"I was driving down I-25 about 20 miles south of Buffalo. I witnessed a 5 ft black, tulip shape craft hovering about 30 ft off the grou",9/9/2016
8/29/2016 9:30:00,Cody,WY,Other,0.5 hour,Two silver/white objects. Generally stationary but appeared to ascend occasionally.,9/2/2016
8/21/2016 10:58:00,Gillette,WY,Circle,2 minutes,Was driving mid morning and saw 6 spheres flying together and moving around each other. They were shiny and silver looking.,8/25/2016
8/14/2016 16:30:00,Saratoga,WY,Sphere,20,((HOAX??)) Riding bikes in the desert. We pulled off of a dirt road and went up into the woods a little ways. ((anonymous report)),8/16/2016
8/8/2016 22:15:00,Sheridan,WY,Fireball,54 seconds,"Glowing ball of light moved slowly across sky 8/9/16 in UFO in Sheridan, WY.",8/16/2016
7/30/2016 20:00:00,Veduawoo,WY,Sphere,20+,"Clear, white spherical shape, reflected sunlight. Ascended toward outer atmosphere. ((anonymous report))",8/4/2016
7/26/2016 21:05:00,Sheridan,WY,Circle,:20,White circular doughnut-like object with flashing red and white lights slowly moving up and away,8/2/2016
3/19/2016 1:30:00,Cody,WY,Other,10 minutes,Two silver glinting objects move purposefully in the clear blue sky above Cody Wy.,3/24/2016
1/1/2016 0:30:00,Thermopolis,WY,Triangle,30 minutes,One black triangle shaped ufo hovering with flashing different colored lights on all 3 sides of object.,1/14/2016
10/18/2015 21:15:00,Cody,WY,Triangle,8 seconds,"V-shaped aircraft with underglow in Cody, WY.",10/29/2015
10/13/2015 22:35:00,Rock Springs,WY,Formation,5-10 seconds,2 sightings of close packed V-shaped group of lights similar to satellites flying across the sky.,10/16/2015
9/12/2015 21:45:00,Cheyenne,WY,Formation,5 seconds,A dozen light very close together moving at a very high rate of speed.,9/17/2015
8/5/2015 20:25:00,Torrington,WY,Sphere,5 minutes,"Same as last night. Bright ball of light between 5,000-10,000 feet. It is 10 times the size of a communication satellite.",8/6/2015
8/4/2015 22:30:00,Torrington,WY,Sphere,3 minutes,It's back again in the last week by itself.,8/6/2015
8/3/2015 22:10:00,Casper,WY,Cigar,4 seconds,Orangeish-yellow cigar shaped craft flying faster than anything I've seen.,8/13/2015
8/1/2015 22:00:00,Torrington,WY,Sphere,5 minutes,One large bright light split into two.,8/6/2015
8/1/2015 2:30:00,Evanston,WY,Oval,20 minutes,"About at around 2:30, I saw a light shaped like a hamburger in the middle of my windshield. ((anonymous report))",12/30/2016
7/26/2015 21:45:00,Beloit,WY,Fireball,5 minutes,"Four orange spheres seen traveling east to west at 9:45 in Beloit, WI.",7/31/2015
6/19/2015 22:00:00,Laramie,WY,Light,2 hours,Light spotted in the plains.,6/24/2015
6/18/2015 22:30:00,Torrington,WY,Sphere,10 minutes,"Large, bright, slow-moving ball in eastern Wyoming.",6/24/2015
6/18/2015 15:00:00,Cheyenne,WY,Formation,ongoing,"Witnessed a object made up of like six little lights, so bright it lit up everything.",6/19/2015
6/11/2015 10:30:00,Casper,WY,Light,30 minutes,My children and I witnessed the bright lights over Casper over the course of half an hour.,6/15/2015
5/28/2015 21:00:00,Cheyenne,WY,Light,2 minutes,Blueish purple light that zig-zagged across the night sky.,6/5/2015
4/29/2015 19:15:00,Chugwater,WY,Other,7 minutes,The family was on a bike ride we noticed a black object that was not moving. Hovering over a mountain outside between Chugwater WY and,5/8/2015
4/25/2015 14:00:00,Lander,WY,Disk,1 second,Black oval shape caught on video flying overhead.,4/30/2015
2/23/2015 10:50:00,Casper,WY,Fireball,on cy rd,I was driving home from my mom house and saw something gliding passed the moon shade in the sky and notice that it was redis orange col,3/6/2015
1/31/2015 19:25:00,Evanston,WY,Light,15 minutes,2 Orange-White ORBS flying southwest WYOMING into UTAH.,2/6/2015
1/1/2015 6:30:00,Rozet,WY,Sphere,5 seconds,Bright green meteor.,1/7/2015
12/1/2014 10:00:00,Sheridan,WY,Other,5 minutes,Bright Light U.F.O.. ((NUFORC Note: Possible contrail?? PD)),12/12/2014
11/9/2014 3:00:00,Casper,WY,Unknown,60 seconds,Loud missile noise. Seemed impossibly localized.,11/14/2014
11/1/2014 22:00:00,Sheridan,WY,Sphere,Less than one half hour.,"Two U.F.O observed first. Then Three , Then more. Six in total. Had to have been Space Craft with all of the manuevers.",11/6/2014
10/23/2014 1:30:00,GreenRiver,WY,Triangle,5 minutes,My friend and I arrived into town from salt lake city at about 1:30 am. When we parked the vehicle and stepped out we looked up at the,11/6/2014
10/18/2014 21:15:00,Cody,WY,Triangle,8 seconds,"V-shaped aircraft with underglow in Cody, WY.",10/29/2015
10/3/2014 17:00:00,Ehete,WY,Circle,1-2 minutes,Objects left a trail.,10/10/2014
8/19/2014 7:40:00,Yellowstone National Park,WY,Teardrop,10 seconds,Saw and heard two objects fly across Grebe Lake in Yellowstone N.P. at an amazing speed with a strange sound.,9/5/2014
8/16/2014 17:05:00,Cheyenne,WY,Triangle,1 minute,Small white triangle-shaped object.,8/22/2014
8/12/2014 22:15:00,Dubois,WY,Other,15,High speed streaks of light that approach and surround a main light that traveled along the ridge from east to west. It stopped and hov,8/15/2014
8/12/2014 22:00:00,Dubois,WY,Light,25,We were watching the night sky and one person spotted a light rising above the skyline and disappear so we all started watching and it,8/15/2014
8/11/2014 19:45:00,Evanston,WY,Cone,2 minutes,Ice cream cone shaped object in the sky.,8/15/2014
7/30/2014 13:00:00,Hulett (Devils Tower),WY,,?,"Girlfriend and I were on vacation, went to Devil's tower. I took several photos with my I pad. The photos were taken one right after an",8/8/2014
7/26/2014 23:10:00,Cheyenne,WY,Triangle,5 seconds,"7/26/14 Cheyenne, WY 11:10pm--Saw 5 lights in the saw in a triangular shape chasing a meteorite with a pinkish hue.",8/1/2014
7/9/2014 13:00:00,Dubois (South of; on Hwy 26),WY,Cylinder,1 second,Perfectly circular holes in object on cloud.,9/5/2014
5/25/2014 20:00:00,Rock Springs (35 miles north of),WY,Light,3-4 hours,Dancing lights in formation at times-pulsating light dim out and reappear - 3-4 hours.,6/6/2014
5/24/2014 22:00:00,Rock Springs,WY,Light,~5 minutes,"While driving home, I observed 3 orange lights floating over the interstate.",6/4/2014
4/17/2014 18:00:00,Yellowstone North Entrance,WY,Circle,45 minutes,An orb was seen along with red light at the North Entrance to YellowstoneNational Park.,4/18/2014
4/15/2014 23:00:00,Thermopolis,WY,Triangle,5 minutes,"Around 11 pm my husband and I stepped out onto our porch so I could have a cigarette We observed 3 bright lights,strobe like, set up i",7/17/2015
2/25/2014 18:35:00,Evanston,WY,Light,10 minutes,8 ORANGE orbs seen flying in single file formation about 750ft up.,5/2/2014
2/25/2014 2:20:00,Casper,WY,Circle,30 minutes,The fastest most nimble flying whatever I have ever seen.,2/27/2014
1/23/2014 23:00:00,Fort Washakie,WY,Light,1 hour,Observed a still standing white silver red light blinking.,1/30/2014
12/11/2013 18:25:00,Powell,WY,Chevron,~10 seconds,Bright flashes in north sky...,12/12/2013
12/9/2013 18:30:00,Buffalo,WY,Light,30 minutes,"Re-occurring for last month hovering light with 30 min duration, descends below mnt horizon . ((NUFORC Note: Venus?? PD))",12/12/2013
12/7/2013 1:00:00,Laramie,WY,Sphere,30 minutes,Bright orange sphere sitting in same spot for long time.,1/10/2014
11/7/2013 1:45:00,Casper,WY,Chevron,2-3 seconds,Unexplained over Casper.,11/11/2013
10/23/2013 21:15:00,Alcova,WY,Light,7 seconds,A mysterious shooting star heads straight for our car but dissapears before it hits us.,11/11/2013
10/5/2013 12:15:00,Clark,WY,Unknown,2 minutes,"6 Invisible objects con trails only. ((NUFORC Note: They look like normal contrails to us. Can see trace of plane, we believe. PD))",10/14/2013
9/11/2013 9:00:00,Gillette,WY,Circle,10 seconds,Strange craft flying above street lights.,9/30/2013
9/1/2013 0:00:00,Wyoming (rural; central),WY,Cigar,,An unknown silver cigar shaped object was sighted about 3 pm 1 Sept 2013 over east central Wyoming.,9/30/2013
,,,,,,
,,,,,"I live out in the rural area, a",
8/12/2013 21:30:00,Devil's Tower,WY,Light,10 seconds,Multiple green orbs of light moved randomly on a hillside.,8/30/2013
8/4/2013 22:00:00,Yellowstone,WY,Light,3 minutes,What was that bright white light moving across the Wyoming sky??? ((NUFORC Note: ISS?? PD)),8/30/2013
7/29/2013 1:30:00,Casper,WY,Triangle,10-15 seconds,I went out on the front porch while letting my dogs out and while looking up at the stars i detected some moving lights to my right an,8/30/2013
7/11/2013 23:00:00,Meeteetse,WY,Light,7 minutes,17 ships in triangular formation moving south to northwest.,1/5/2016
6/15/2013 12:30:00,Jackson,WY,Other,,"I filed a report last June and found a youtube video exactly like it, except ours remained in a parasail shape. http://www.youtube.co",12/23/2013
5/29/2013 23:37:00,Cody,WY,Light,<10 seconds,Bright white light/ resembling headlights extinguishing in seconds.,7/3/2013
5/2/2013 19:45:00,Gillette,WY,Light,15 minutes,Seen white ball of light falling from sky then almost landed in Foothills before it sped off going North.,5/15/2013
4/5/2013 21:00:00,Rock Springs,WY,Other,~20 minutes,4 flying objects in the skies of Wyoming,5/15/2013
2/14/2013 6:00:00,Point of Rocks,WY,Circle,5 seconds,Driving to work a co-worker and I saw a green light going across the sky.,2/18/2013
12/7/2012 6:30:00,Rock Springs,WY,Disk,~2 minutes,"Male witness reports seeing a red disc, seen ahead of, and pacing an airliner.",12/20/2012
11/7/2012 19:30:00,Casper,WY,Sphere,15-20 seconds,Saw a green orb floating/flying object above me while driving.,11/19/2012
9/22/2012 2:30:00,Gillette,WY,Other,6.5 hours,3 UFO's,9/24/2012
8/25/2012 21:15:00,Rock Springs,WY,Light,10 minutes,"Bright white light over rock springs, wy",9/24/2012
8/23/2012 21:30:00,Casper,WY,Light,10 minutes,Large gold glowing ball of light that flies west to east and disappears,9/24/2012
8/22/2012 22:00:00,Rock Springs,WY,Sphere,4 minutes,Bright light traveling over Rock Springs,9/24/2012
8/7/2012 22:20:00,Sheridan,WY,Light,5 minutes,Bright light seen moving slowly across sky at helicopters height with no noise and a 2 second rear-end emittance.,8/19/2012
6/20/2012 16:00:00,Laramie,WY,Circle,5 minutes,"Laramie, small circular craft",7/4/2012
6/20/2012 12:42:00,Bill,WY,Light,2-3 seconds,"Bright Green Light With A Trail (Shaped like a Meteor) Descending Very Rapidly, then abruptly turning",7/4/2012
6/6/2012 21:45:00,Jackson Hole,WY,Fireball,5 minutes,Fireball seen with several pink lights surrounding it,6/14/2012
4/21/2012 23:05:00,Rock Springs,WY,Circle,Les than a Minute,Bright colored fast moving light that split into two and rapidly flew away,5/13/2012
3/17/2012 12:30:00,Pine Haven,WY,Teardrop,20-30 seconds,One dull metallic sphere changed to sideways teardrop shape.,5/13/2015
3/12/2012 1:02:00,Rock Springs,WY,Chevron,2 minutes,Chevron Shaped array of five large lights with sparkling light all around them.,3/13/2012
2/15/2012 21:05:00,Alpine,WY,Light,still happening,Bright stationary light looked like Venus with a red small light that encircled around the center of the light.,3/13/2012
12/15/2011 17:30:00,Laramie,WY,Changing,15 minutes aprox,"Large Orange UFO over Laramie, WY.",12/17/2011
11/14/2011 18:50:00,Green River,WY,Triangle,15 sec,I was in my back yard and loooked up and saw 3 perfecct lights in a fast direction to the north then two otheerr ligghts vered of,12/12/2011
11/5/2011 21:30:00,Torrington,WY,Cigar,A few seconds,"I was on a hill enjoying the sunset. I fell asleep, and I woke up because of a very bright light in the sky. It soared past, it was so",12/12/2011
10/31/2011 20:15:00,Rock Springs,WY,Sphere,2 minutes,One white star like light over Rock Springs Wyoming,12/12/2011
10/21/2011 19:30:00,Hulett (near),WY,Light,10 to 12 seconds,Bright silver object with silver trail traveling at high rate of speed.,10/25/2011
9/20/2011 19:55:00,Yellowstone National Park,WY,Changing,3 MIN 20 SEC,MANY SMALL & ONE LARGE OBJECT SITED OVER YELLOWSTONE NATIONAL PARK,10/10/2011
9/18/2011 21:00:00,La Barge,WY,Circle,15 minutes,Strange object in the mountains of western wyoming wittnessed on 3 consecutive years on almost the same exact day every year.,5/29/2012
9/12/2011 20:30:00,Casper,WY,Circle,45 min,It Was circular and had red green blue and purple lights. ((NUFORC Note: Possible sighting of a twinkling star?? PD)),10/10/2011
8/31/2011 0:00:00,Rock Springs,WY,Light,5 min,"Bright White like star moving plane speed, shifted side to side then was gone.",10/10/2011
8/20/2011 23:00:00,Casper,WY,Light,2 minutes,A light about the brightness of a star doing figure eights and circles.,8/21/2011
8/5/2011 18:13:00,Cheyenne,WY,Circle,15 to 20 min.,8/5/11 I observed five round brightly colored objects moving sw to ne quietly at great speed.,8/7/2011
7/23/2011 23:00:00,Jackson Hole,WY,Triangle,10 minutes,Black triangle above grand Teton maybe 2 miles wide corner to corner,8/5/2012
7/20/2011 22:13:00,Casper,WY,Light,30 seconds,"Object traveled across sky, rapidly accelerated, and disappeared.",8/7/2011
6/25/2011 23:30:00,Yellowstone National Park,WY,Flash,2 seconds,Bright light over car,7/6/2011
6/16/2011 23:30:00,Green River,WY,Sphere,45 seconds,"Two red orbs traviling west, over Green River, Wyoming.",6/20/2011
6/3/2011 15:00:00,Mills,WY,Circle,40 sec.,"2 round objects spotted, broad daylight. White in color and moving very fast. Flying together. No wings",6/3/2011
4/1/2011 21:10:00,Cheyenne,WY,Light,5 seconds,2 groups of lights rapidly moving north over Cheyenne Wy,4/3/2011
2/22/2011 18:00:00,Cody,WY,Light,2 min,Bright light. ((NUFORC Note: Overflight of ISS occurred at 19:05 p.m.. PD)),2/23/2011
2/21/2011 19:00:00,Glenrock,WY,Light,4 min.,Very bright object the size of a close encounter with Mars moved rapidly across the sky.,2/23/2011
2/15/2011 20:00:00,Yellowstone National Park,WY,Light,5minutes,Yellowstone lights,1/12/2012
1/17/2011 20:00:00,Casper,WY,Sphere,6 hours,"Multiple, white, sphericle craft pretending to be stars that stay still sometimes & move other times over Casper, Wy",1/31/2011
12/17/2010 18:15:00,Buffalo,WY,Disk,3 seconds,Black dinner plate size crab like object that moved on the ground.,1/5/2011
12/13/2010 18:24:00,Gillette,WY,Fireball,10 seconds,"Large White/Green Object Descends over Gillette, Wyoming, No known Impact",1/5/2011
10/15/2010 2:30:00,Cheyenne,WY,Light,15 minutes,"U.F.O in Cheyenne, Wyoming",11/21/2010
9/13/2010 21:30:00,Rock Springs,WY,Light,2 minutes,"Bright light rapidly moved toward my friend n I, changing shape n color",12/20/2012
8/29/2010 21:20:00,Cokeville,WY,Formation,3 minutes,An object with lights hovered in the night sky for 3 minutes,8/30/2010
8/6/2010 0:30:00,Cheyenne,WY,Other,5 minutes,Two pulsating large yellow-white lights with bulbous and tall center between lights,8/30/2010
7/18/2010 23:00:00,Lander,WY,Unknown,2 mins,My son and I were looking at stars when we saw a fast moving light high in the sky traveling very fast in a circle then it suddenly dis,7/19/2010
7/15/2010 2:00:00,Teton National Park,WY,Circle,10 minutes,UFO in Teton) National Park.,7/15/2016
6/6/2010 2:45:00,Gillette,WY,Light,3:15,Multiple white soaring lights in one section of sky.,6/10/2010
4/30/2010 21:30:00,Evansville,WY,Circle,45 minutes,Strange Craft By North Casper,5/12/2010
4/29/2010 20:45:00,Cheyenne,WY,Light,7 minutes,"Slow moving, silent, bright light travels over Cheyenne WY",5/12/2010
4/10/2010 21:00:00,Cheyenne,WY,Triangle,minutes,2 low slow flying black triangles,4/13/2010
4/10/2010 21:00:00,Cheyenne,WY,,,I accidentally entered the wrong date on my report that I just submitted. It was on 04/10/2010 instead of 04/09/2010,4/13/2010
9/23/2009 4:30:00,Cheyenne,WY,Oval,5 seconds,Bright light shooting across the sky,12/12/2009
7/21/2009 22:15:00,Laramie,WY,Circle,45 seconds,"Bright white light. ((NUFORC Note: Probable sighting of ISS, which passed to the north of Laramie at 22:15 hrs.. PD))",8/5/2009
7/8/2009 4:25:00,Powell,WY,Circle,10 sec.,I was sitting outside on the front porch of my dorm enjoying a cigarette with a friend when I looked up and saw what I thought was a si,8/5/2009
6/7/2009 0:30:00,Cheyenne,WY,Light,Three minutes,"I looked out my bedroom window and saw an object in the sky that was changing colors quickly, the lights were neon. It sat in the sky f",6/9/2009
2/2/2009 6:00:00,Casper,WY,,4 min.,early morning U.F.O,3/19/2009
12/21/2008 17:00:00,Laramie/Wamsutter (between),WY,Flash,1-2 seconds,2 unusual flashes of light,1/10/2009
10/25/2008 21:00:00,Rock Springs,WY,Other,1-2 min,"10 bird like shapes in straight line. glowed orange, like lights from town on underneath.",1/10/2009
10/23/2008 4:45:00,((Location unspecified; rural area)),WY,Flash,0.001sec,"brilliant strobe light at 4am, moving lights, low inthe mountains",1/10/2009
10/17/2008 19:20:00,Colony (1 mile NW of),WY,Unknown,5 minutes +,Uknown object over northeast Wyoming.,10/31/2008
10/7/2008 20:00:00,Lyman,WY,Flash,10 Minutes,Red/Silver flashing light going across the sky toward the south west.,10/31/2008
10/1/2008 20:00:00,Glenrock,WY,Unknown,several hours,"Stationary object just above NE horizon with flashing red, green and white lights.",10/31/2008
9/26/2008 23:25:00,Cheyenne,WY,Triangle,3 seconds,"""V"" shaped craft moving north to south with seven round lights.",10/31/2008
8/20/2008 15:30:00,Laramie,WY,Oval,,"On August 29, 2008 my wife and I went for a day trip across snowy range road to Saratoga, WY, we had a 2006 red Sebring convertible car",2/14/2010
8/11/2008 20:15:00,Gillette,WY,Egg,2-5 minutes,Bell shaped object emiting bright light from bottom spotted near Gillette Wyoming.,10/31/2008
7/19/2008 12:00:00,Teton National Park,WY,Oval,1 sec.,"During a vacation to Grand Teton National Park with my grandfather, our tour bus stopped at the Grand Teton Inn, which had a large plat",8/5/2009
4/1/2008 21:00:00,Clark,WY,Disk,3 minutes,"Classic bell shape, glowed all over with flashing light on top.",8/24/2010
2/15/2008 5:00:00,Worland,WY,Oval,45 minutes,((HOAX??)) My parents told me they saw this UFO while my dad was getting ready to go to work.,4/17/2008
11/4/2007 0:40:00,Powell,WY,Triangle,10 seconds,single triangle craft with four dim light rings spaced evenly on each side,11/28/2007
10/20/2007 1:00:00,Opal,WY,,25 min.,To Director of Ufo center,5/12/2009
9/30/2007 18:30:00,Laramie,WY,Other,25 minutes,large craft white streak in sky at18:30 about 20miles South of Laramie with rotating lights underneath,10/8/2007
9/2/2007 22:30:00,Casper,WY,Light,5 seconds,Fast moving stars flying in a V formation.,10/8/2007
6/24/2007 0:30:00,Douglas,WY,Light,30 minutes,"Bright orange lights appear in remote Wyoming area, twice!",8/7/2007
6/21/2007 23:00:00,Evanston,WY,Formation,10 minutes,Pair of slow lights in perfect formation. ((NUFORC Note: ISS and Space Station in formation. PD)),8/14/2007
6/19/2007 23:00:00,Yellowstone National Park,WY,Formation,15 seconds,2 Bright lights with sudden direction changes...then vanish,10/31/2008
6/14/2007 23:00:00,Thermopolis,WY,Unknown,15 seconds,UFO near Thermopolis WY,8/7/2007
1/10/2007 19:00:00,Shawnee,WY,Unknown,2,"seen single light moving east,it goes out. than see 3 lights in air center light brighter with a light on either side about 20 feetfrom",2/1/2007
12/19/2006 21:00:00,Sheridan,WY,Light,Multiple hours,"Bright light in southeastern sky emitting red, green, and white light. Moved in unequal intervals.",2/1/2007
11/7/2006 21:00:00,Laramie,WY,Rectangle,3-5 seconds,"Fast moving, silent, black rectangle seen by military flight enthusiast and amateur astronomer in Laramie, WY.",8/7/2007
10/13/2006 20:30:00,Rawlins,WY,Triangle,30 sec,I was sitting in my hot tub looking at the sky when I noticed this triangular shaped object in the sky. It was so weird. I watched it c,10/30/2006
8/23/2006 21:55:00,Clark,WY,Light,35 minutes,"Two lights flashing & moving near Cody, WY.",10/30/2006
8/13/2006 22:20:00,Riverton,WY,Formation,4 seconds,Flying V formation at an extremely high rate of speed from North to South.,10/30/2006
7/18/2006 2:30:00,Big Sandy,WY,Light,Over 20 minutes,"Two lights hoving in 2 diffent parts of the night sky, changing colors, slightly shifting about fixed points.((NUFORC Note: Stars?PD))",10/30/2006
6/28/2006 22:00:00,Casper,WY,Light,1.5 hrs,8 objects viewed at different times that pulsated and flew upward in a spiral pattern,7/16/2006
6/14/2006 23:00:00,Seminoe Lake (near Rawlins),WY,Unknown,15 minutes,Moving stars that lost their light and reappeared.,7/16/2006
6/6/2006 4:15:00,Pinedale,WY,Circle,15 minutes,"Disks of varying group size, plus a green light that may be a remnant of something else",9/8/2017
4/30/2006 16:00:00,Bear River/Evanston,WY,Sphere,2 min,Sphere zips across the sky,5/15/2006
3/15/2006 23:30:00,Shirley Basin Road,WY,Light,10 min,Three white lights seen searching along a field in Shirely Basin,3/31/2008
12/12/2005 23:00:00,Evanston,WY,Sphere,several hours,"multicolored lights hover and fly over evanston,wy ((NUFORC Note: Probably a celestial body, we suspect. PD))",2/14/2006
12/11/2005 21:15:00,Fox Park,WY,Sphere,1 hour,The object was a sphere emitting red and green lights. The lights would get brite then dim. The object did not move for 45 minutes or,12/16/2005
12/5/2005 21:00:00,Cheyenne,WY,Unknown,5 seconds,An orange object viewed intermmitantly in the night sky heading east at a relatively slow speed.,2/14/2006
11/5/2005 23:28:00,Laramie,WY,Light,1-2 seconds,"I saw a white light flash out of my drivers window at about 35 degrees to my left in the night sky, like a beam of light.",11/8/2005
10/5/2005 0:00:00,Casper,WY,Sphere,30 seconds,Glowing object crosses road right to left - vanishes into ravine..than crosses again left to right..then away.,10/11/2005
9/28/2005 16:30:00,"Wyoming (I-80, westbound)",WY,Other,20 minutes,"Interstate 80, westbound, Wyoming, flying object seen by police officer and family.",3/11/2006
9/26/2005 11:00:00,Teton National Park,WY,Other,,I like to look at this web-cam at the Grand Tetons about a couple of times a week because I think the Tetons are the most beautiful mou,10/11/2005
8/7/2005 3:45:00,Medicine Bow,WY,Light,34 minutes,"Shimmering light ,similar to northern lights, accompanied by spotlights moving fast in Wyoming",9/2/2005
7/31/2005 4:20:00,Clark,WY,Light,3 Min,2 lights I thought were satellites running side by side when one jumped out in front of the other and went much faster,10/11/2005
6/6/2005 15:52:00,Casper,WY,Rectangle,20 min,A CD case like craft hovered for 20 minutes over mountian line.,6/20/2005
5/19/2005 18:45:00,Cheyenne,WY,Oval,2 minutes,"At 6:45 a silver light object came into view N. of Cheyenne,WY.It had no vapor trail moving at jet speed,but turning on a dime.",5/24/2005
2/23/2005 14:00:00,Casper,WY,Light,five minutes,Bright object observed and photographed,2/24/2005
10/28/2004 2:00:00,Sheridan,WY,Light,90 seconds,Object flying over the tree line at the Big Horn Mountains south of Sheridan Wyoming,1/19/2005
6/5/2004 16:00:00,Hanna,WY,Circle,,bright light in day time with what apperaed dashes around it,6/18/2004
4/30/2004 4:30:00,Casper,WY,Cylinder,25-30 min,"On the paper route two cylinder shaped craft with brights lights in the center, preformed sparatic movements in the sky.",5/10/2004
3/19/2004 23:15:00,Cheyenne,WY,Other,2-3 Seconds,Green Streaking Object,3/23/2004
2/16/2004 11:30:00,Lander,WY,Diamond,15 min,"8 Sided diamond, (I think that is a tetrahedron), just appeared or we just noticed it after it appeared. It hovered high above the moun",3/2/2004
2/14/2004 22:25:00,Casper,WY,Triangle,10 minutes,"4 triangular orange and red lighted in casper, wyoming",3/2/2004
11/1/2003 0:00:00,Cheyenne,WY,Fireball,5 seconds,A huge fireball east of Cheyenne Wyoming,1/17/2004
10/27/2003 18:00:00,Farson,WY,Cylinder,30 seconds,"30-second sighting. Tumbling, silver-grey cylinder. 30 degrees off horizon. Eight miles distant. Steady course & speed",4/20/2017
10/3/2003 20:51:00,Clark,WY,Light,5 minutes,"Clark, WY. object or Light heading S.W. at 20:51 hours",11/8/2003
9/29/2003 20:35:00,Yellowstone National Park,WY,Sphere,2 - 3 seconds,"Saw a 6"" red ball flying from south to north about 3' off the ground on US 20 in Yellowstone National Park on September 29, 2003.",10/15/2003
9/19/2003 14:00:00,na,WY,Teardrop,< 2 minutes,Odd craft seen in the sky in Wyoming,4/27/2004
7/17/2003 23:30:00,Jackson,WY,Light,30 min,One very bright light for 8 seconds above the horizon then 2 smaller lights that moved very close to us and we saw 4 seperate times,8/1/2003
6/17/2003 22:42:00,Worland,WY,Light,15 seconds,The object was a dim point of light that grew to a brightness of twice what Venus would be and then disappeared & lasted ~ 15 seconds.,6/18/2003
3/16/2003 11:00:00,Jackson Hole,WY,Chevron,5 minutes,Delta shaped object in Jackson Hole,4/27/2004
1/8/2003 20:15:00,Rock Springs,WY,Light,1 hour,"It was like an airport becon that was rotating with red, green, and white lights.",3/21/2003
11/28/2002 18:30:00,Cheyenne,WY,Fireball,5 seconds,Fireball seen in night sky near Cheyenne WY Thanksgiving evening,12/23/2002
10/15/2002 18:00:00,Bosler,WY,Unknown,2 minutes,"Women pass through Bosler, Wyoming twice without turning around.",10/31/2003
10/6/2002 19:25:00,Lander,WY,Circle,1 sec,a green circular light appeared and then darted behind the mountains,10/15/2002
9/28/2002 18:30:00,Fort Bridger,WY,Disk,30 seconds,Saw very bright green light in western sky.,10/15/2002
9/15/2002 22:00:00,Laramie,WY,Sphere,2 hours,"2 oval lights in sky northeast of town. flying around, hovering, steadily growing dimmer.",9/19/2002
9/6/2002 21:00:00,Baggs,WY,Oval,1 minute,"blue florecent oval with a red long tail,saw it out of a window,went from the west to the east at high rate of speed,went into a cloud",9/19/2002
9/6/2002 21:00:00,Sheridan,WY,Oval,20 seconds,"blue-green bright oval was spotted 20 miles south of Sheridan, WY descending to earth",9/13/2002
9/6/2002 20:30:00,Gillette,WY,Fireball,5 seconds,"Neon green flying object seen over Gillette, Wyoming",9/13/2002
7/15/2002 15:00:00,Rock River (southeast of),WY,Oval,2 minutes,"Carrier retrieves two small craft southeast of Rock River, Wyoming.",10/31/2003
6/7/2002 0:30:00,Rock Springs,WY,Light,5-10 min,"These three objects of luminating light were just suspended in mid air, then gone.",6/12/2002
5/10/2002 19:00:00,Gillette,WY,Triangle,1 minute,Black triangle glides right over my head.,5/15/2006
4/30/2002 20:15:00,Cheyenne,WY,Egg,5 minutes,The EggBeamer!,5/14/2002
4/29/2002 21:30:00,Evanston,WY,Sphere,hours,For many months myself and others have seen silver lighted spheres moving intelligently over city.,5/14/2002
4/4/2002 19:45:00,Laramie,WY,Changing,30 seconds,A cluster of approximately 15 lights appeared and fanned out into a V shape while appearing to fly overhead.,4/8/2002
2/9/2002 20:30:00,Cheyenne,WY,Fireball,1 second?,Bright ball of light shoots toward ground in Southeastern Wyoming.,2/22/2002
11/15/2001 21:10:00,Clark,WY,Light,10 minutes,"I have been seeing a bright light for years in the same area of sky, it is brighter than a plane slower than a plane it lasts about 10",11/20/2001
10/28/2001 21:00:00,Laramie,WY,Fireball,35sec,I saw a bright very bright light apear in the sky it held possition for about 20 sec. than bolted off and disapeared the same thing hap,11/20/2001
10/24/2001 23:00:00,Evanston,WY,Oval,5hours,observed a oblong green glassy object starting at 2300 hrs on 10-24-01 while driving through wyoming untill 0400 10-25-01 seemed to mis,11/20/2001
10/15/2001 3:00:00,Chugwater,WY,Light,30 seconds,F.E. Warren AFB Wyoming sightings,9/9/2003
9/4/2001 12:30:00,Hawk Springs,WY,Triangle,,"The shape in the C.R.P.Field is a shape of a iron,and the press grass and the squares are of a heavy object that was burn in the field",10/12/2001
8/17/2001 22:30:00,Rock River,WY,Fireball,2 seconds,Blinding Flash and then extreme velocity vertical takeoff of object.,10/12/2001
8/17/2001 22:30:00,Laramie,WY,Fireball,25 SECONDS,"Fireball ascends straight up in air, and comes right back down in same location.",10/12/2001
8/17/2001 22:30:00,Rock River,WY,Fireball,1.5 sec,object went vertical,10/12/2001
8/17/2001 22:20:00,Rawlins,WY,,20-30 seconds,Extremely bright light falling almost straight down in western sky -white tail and appeared to explode orange to red - was VERY bright.,10/12/2001
8/17/2001 22:19:00,Dubois,WY,Triangle,32 minutes,"Large fireball and lots of triangular shaped objects flying with irratic and jittery patterns, together and apart.",12/5/2001
8/17/2001 20:30:00,Cheyenne,WY,Other,4 minutes,Looked like the sun or moon.,10/12/2001
7/1/2001 11:50:00,Laramie,WY,Other,5 minutes,Blood-red cloud splits in two and rains onto ground.,10/31/2003
4/25/2001 22:00:00,Laramie,WY,Light,8 seconds,"Three pinpoints of light flying in unison, then making extremely fast erratic movements, before flying in unison again.",4/28/2001
3/6/2001 19:00:00,Gillette,WY,Triangle,10 minutes,On march 6th 2001. I was in the foothills area of Gillette Wyoming. I looked to the sky and saw a blue light gliding across the sky to,3/16/2001
2/7/2001 10:00:00,Laramie,WY,Light,?,"Light seen, Laramie, WY looking North",10/12/2001
1/11/2001 21:50:00,Dubois,WY,Fireball,1.5 sec,"Bright , fast falling light",2/18/2001
1/8/2001 18:30:00,Gillette,WY,Changing,18:30 to 22:00,Bright light follows me.,2/18/2001
10/9/2000 18:45:00,Border,WY,Teardrop,5 to 8 minutes,"We saw a big, bright, white teardrop that seemed to rotate/shift its light and a second object seemed to split from this one.",12/2/2000
8/13/2000 20:00:00,Big Horn Mtns,WY,Fireball,30-40 minutes,"Bright light that divided, disappeared then repeated several times.",2/24/2001
6/23/2000 8:00:00,Pinedale,WY,Diamond,?,"Flying Manta Ray with short tail near Pinedale,WY",1/11/2002
6/22/2000 21:00:00,Pine Haven,WY,Egg,0:45,"The object was not a airplane, or star, if anything it was some NASA satalite or a UFO",2/18/2001
6/19/2000 13:00:00,Rawlins,WY,Disk,3 seconds,Brown saucer-shaped object with dome on top flying beneath low cloud cover,6/21/2000
6/13/2000 22:00:00,Casper,WY,Oval,2 min or less,"14yr old female sees oval shaped, distortion in sky with 3 lights on back",5/12/2010
1/6/2000 5:45:00,"Rock Spings, 2miles west of",WY,Unknown,aprox 2min,Driving truck along I-80 west when i noticed the truck that had just passed me swirve from the outside lain to the inside lain then bac,1/22/2000
11/23/1999 22:30:00,Casper,WY,Sphere,1 minute,"My wife and I witnessed a craft hovering over the city of Casper, Wyoming. The craft hovered for a few moments then sped off to the Sou",12/16/1999
10/4/1999 17:25:00,Gillette,WY,Other,10-15 sec.,At 5:20 P.M. my wife and I were taken our 10 year old to football practice. We were going east on 14-16 when I saw this craft flying fr,10/19/1999
9/17/1999 21:55:00,Cheyenne,WY,Unknown,3 seconds,Seen an oject west of town at hotel it refected city lights with brown golden color moving west fast with no lights no sound and no vis,10/2/1999
9/15/1999 0:00:00,Egg Harbor,WY,,1 hour,"a bright colorful object over the lake,it would break apart into many lights,then back together again and again.it stayed in one spot",3/21/2003
9/11/1999 20:00:00,Casper,WY,Triangle,30 sec,"Saw 1 UFO far off making shapes, another UFO snuck up on me from the same direction. Flew close to me and turned East. I ran",11/17/1999
8/15/1999 23:18:00,Rawlins (39 miles west of),WY,Fireball,1-2 sec,a fireball went straight down behind mtns. and ended in a bright flash.,8/5/2001
8/13/1999 21:50:00,Cheyenne,WY,Triangle,15min/each,"From the N.E, to the SW., at 9:50 pm., a reddish orange cloud surronding it., with sparkles inside the cloud., but you clearly could se",10/2/1999
7/3/1999 21:45:00,"Medicine Bow National Mountains, Medicine Bow National Fores",WY,Flash,3 minutes,What I thought was a satellite passing overhead burst into a flash of purple light. (See full description.),9/12/1999
7/1/1999 23:00:00,Green River,WY,Other,1 hour +,Rare occurence of lights from the home of close encounters(the movie),2/16/2000
7/1/1999 22:30:00,Buffalo,WY,Cylinder,3 minutes,"Small, clear, blinking object seen in northern Wyoming",4/28/2001
6/20/1999 23:00:00,Laramie (25 miles north of),WY,,3 sec,one group of three to the west followed by one directley overhead all moving very rapidley to the north blue/green behind clouds,8/5/2001
6/15/1999 22:00:00,On highway; location unknown,WY,Other,5 minutes,cube shaped object in Wyoming,10/31/2008
6/10/1999 23:00:00,Riverton,WY,Triangle,2 minutes,Large triangle.,7/14/2013
1/31/1999 19:30:00,Riverton,WY,Fireball,5 seconds,We were driving westbound on Hwy between Riverton and Fort Washakie at 1930 hours. Sky was clear and cold with a full moon behind us j,1/29/2002
11/12/1998 2:25:00,Casper,WY,Triangle,2-3 minutes,"back oObserved a boomerang shaped object travelling roughly S to N at 2:18 a.m. looking toward the east. The object was pale, luminous",4/1/2000
9/26/1998 3:05:00,Rock Springs,WY,Fireball,5-10 seconds,"Was driving and saw a greenish/blue fireball looking object, travelling west to east.",9/26/1998
9/24/1998 0:15:00,"Sheridan (10 miles South of, at the Sheridan Pipeline)",WY,Other,10-15 minutes,It looked like a star at first but since when do stars move in an octagon motion i went inside to get my bill of lading and came back o,2/24/2001
9/5/1998 22:30:00,Medicine Bow Natl. Forest (40 mi. W of Laramie),WY,Triangle,25 seconds,"Large Triangular Craft moving North of Laramie, WY. The object, which might have been about ten miles away, was size of a full moon.",11/1/1998
9/4/1998 15:00:00,Cheyenne,WY,Cigar,1 minute,Saw two silver objects flying over Cheyenne. Performed odd maneuvers. Thought nothing of it until I got into the city & saw an AF copte,11/19/1998
9/2/1998 0:30:00,Cheyenne,WY,Light,6 sec,Light traveled from horizon to horizon in six seconds. Flashed at ending horizon.,11/19/1998
5/2/1998 20:30:00,Cheyenne,WY,Unknown,2min,The object moved n northwest roughly following a passanger jet it was lower than the jet it made no sound had no lights it seemed to re,1/28/1999
4/4/1998 9:00:00,Cheyenne,WY,Sphere,10 seconds,"Seen on highway on back of Military flatbed w/""black"" helicopter escort(1), 4 black Humvee's(black uniforms W/M16's inside). Object und",2/16/1999
3/21/1998 20:00:00,Ten Sleep (outside of),WY,Disk,,Going down the road I came up to a turn with a Sub station off to the left the UFO hovering above the sub station with a light fog arou,3/19/2002
10/5/1997 19:00:00,Cheyenne,WY,Other,1.5 min,Seen a object in clear sky.looked like commet coming from south to north.lost tail half way across sky,1/11/2002
8/22/1997 23:30:00,Atlantic City,WY,Light,30 sec,bright shiny red globe moving slow but able to change direction quickly,5/24/2005
6/15/1996 2:30:00,Gillette,WY,Circle,Don't know. Seems like we,UFO seen while driving the back roads of Wyoming.,1/24/2014
5/1/1996 22:00:00,Cody,WY,Other,1 minute,strange lights around Cody area,6/12/2008
4/28/1996 1:00:00,Mile 69,WY,,15 sec.,"Women driving truck on Hwy 80 sees obj. ""w/ bright nose, no wings"" flare up, go behind mountain.",11/2/1999
1/6/1995 17:30:00,Glendo,WY,,15 minutes,"Mother and son witness large, glowing craft maneuver and descend into cloud. Pursued by mil. aircraft.",11/2/1999
8/15/1994 22:00:00,Gilette,WY,Fireball,3-5 Seconds,Green fireball seen over Southeast Wyoming in August? (possibly July) 1994,2/14/2006
8/15/1994 0:00:00,Rock River,WY,Disk,2+ hours,"Revolving lights seen in clouds south of Rock River, Wyoming.",10/31/2003
6/29/1994 23:00:00,Dull Center (near Bill) (north of Douglas),WY,Light,5 minutes,"Lights in shape of ""radio tower"" flew north",11/20/2002
6/15/1994 23:45:00,Cheyenne,WY,Light,30 Seconds,"Star like object over F. E. Warren AFB, WY",8/16/2002
8/23/1993 19:56:00,Laramie (east of),WY,Changing,9 minutes,Cloud-like object at extreme range changes shape.,10/31/2003
6/17/1993 15:00:00,Laramie,WY,Unknown,unknown,"Artificial pulsating sound heard, no craft seen.",10/31/2003
6/4/1993 21:55:00,Mammoth Hot Springs,WY,Chevron,still,big yellow lights in yellow stone natioal park 6-4-93,12/5/2001
5/10/1993 13:00:00,Laramie (south of),WY,Formation,one minute,"Formation of Tremonton-like ""daylight disks"" in Wyoming",10/31/2003
6/24/1992 22:00:00,Laramie,WY,Light,2 odd lights,"Odd intelligent seeming lights seen during a UFO conference in Laramie, WY.",6/18/2004
7/1/1989 14:00:00,Laramie,WY,Other,30 seconds,"Small dark speck paces airliner, seen from ground.",11/8/2003
1/19/1989 20:15:00,Laramie,WY,Disk,10 minutes,"Witness is lured out of house, silent craft glides overhead, more body marks are discovered.",10/31/2003
1/17/1989 20:00:00,Laramie,WY,Other,15 minutes,"Silent lighted craft flies over house, witness later discovers body marks.",10/31/2003
6/7/1987 21:00:00,Jackson Hole (Moran State Park),WY,Light,2 1/2 hours,Security personnel and park rangers observed along with park staff which I belonged to at Jackson Lake Lodge. Observed a light we thou,11/17/1999
9/15/1985 23:00:00,Green River (No. of),WY,Light,15/20 mins.,I saw unexplainable lights in the same area & the same time frame that livestock was being mutilated.,7/29/2000
6/2/1985 23:30:00,Old Faithful,WY,Unknown,1 min,Dark object sighted over Old Faithful,5/11/2005
6/15/1984 20:30:00,Wheeling,WY,Unknown,5-10 minutes,"UFO sighting at twilight over Wheeling, WV",5/11/2005
4/20/1983 0:00:00,Wyoming (various towns),WY,Other,14 days,Wheatland-Douglas 1983 CattleMutilations UFO's seen.,9/28/2002
1/1/1980 20:00:00,Laramie,WY,Unknown,2 hours,UFO flew in a zig-zag motion from north to south in 10 seconds.,2/19/2016
11/17/1978 15:00:00,Interstate 80/25,WY,Other,10 hrs,"I saw ""heavenly apparitions"" (for lack of a better expression) that lasted for approximately 10 hrs.",2/14/2006
7/27/1976 1:00:00,Cowley,WY,Cylinder,10 min. ??,"Witnessed a cylinder shape object, very close, moving slowly, deep humming sound, illuminated portals showing mechanical rooms.",2/14/2010
7/25/1976 18:00:00,Casper,WY,Circle,1 hour,"UFO Sighting in Casper, Wy. in summer of 1976",9/2/2005
7/7/1975 19:00:00,Fort Washakie,WY,Light,20 seconds,"lights that appear to be stars, blending in with the night stars",3/19/2009
7/5/1973 1:00:00,Powell,WY,,30 sec,"Powell, Wyo - 3 round fireballs going over our home traveling from south to north 07/05/1973",6/3/2010
7/5/1972 1:00:00,Powell,WY,Fireball,60 seconds,"My 2 young sons ages 7 and 9 were sleeping outside in the front yard. We lived in the country in Powell, Wyoming, Park County. We had",8/30/2013
6/20/1970 2:00:00,Cheyenne,WY,Circle,45 minutes,followed by flying silent vehical for 45 minutes in wyomming,1/10/2009
7/12/1967 2:00:00,Wyoming (rural),WY,Cigar,,My father was an over the road truck driver. I was just a young boy. When he returned from his week long run he told my mom he had seen,9/9/2004
6/30/1967 3:00:00,Lander,WY,Light,5 - 10 minutes,"They were just lights, but very curious lights at that.",5/4/2004
4/15/1966 23:00:00,Francis E Warren AFB,WY,,,"UFO sightings , 1966, Francis E Warren AFB, Wyoming",6/18/2004
5/1/1965 13:00:00,Guernsey,WY,Sphere,1 minute,"Round, silver object hovering overhead, three witnesses",5/15/2006
7/20/1958 21:30:00,Rock Springs,WY,Disk,1 min,Friend & I retuned home from movie. We lived on a hill that over looked the desert. I looked out to the s.w. and saw this object and i,4/2/1999
7/15/1956 0:00:00,Yellowstone Park (near South entrance),WY,Disk,60 sec,Three year old boy witnesses from back the seat of a car the approach of three flying disks.,1/28/1999
6/30/1952 0:00:00,Cheyenne,WY,Disk,,1950's UFO crash tech report,7/4/2012
7/3/1951 12:00:00,Green River,WY,Sphere,5 to 7 min,"Glowing white spherical large craft (50 to 100 ft dia) travels across mountain range near Green River, Wyo",10/15/2002
6/30/1971 14:00:00,Yellowstone National Park,WY,Egg,not known,Old photos from 1871 show what appears to be objects in the air.,12/12/2009